,correct after perturbations %,audio name,normalized,origConf,avgPertConf,numBins,binEdges,overlapping,mse,mse avg,r2,r2 avg,coefs
0,"[0.16941529235382308, 0.20089955022488756, 0.22338830584707647, 0.2638680659670165, 0.25287356321839083, 0.31984007996002, 0.3423288355822089]",audio/speech_commands/cat/9f869f70_nohash_0.wav,"[20000, 20000, 20000, 20000, 20000, 20000, 20000]","[1.0, 1.0, 1.0, 1.0, 1.0, 1.0, 1.0]","[0.1672, 0.197, 0.2133, 0.2505, 0.242, 0.3044, 0.325]","[30, 35, 40, 45, 50, 55, 60]","[[[0, 170], [85, 255], [170, 341], [255, 426], [341, 511], [426, 596], [511, 682], [596, 767], [682, 853], [767, 938], [853, 1023], [938, 1108], [1023, 1194], [1108, 1279], [1194, 1364], [1279, 1449], [1364, 1535], [1449, 1620], [1535, 1706], [1620, 1791], [1706, 1876], [1791, 1961], [1876, 2047], [1961, 2132], [2047, 2217], [2132, 2302], [2217, 2388], [2302, 2473], [2388, 2559]], [[0, 142], [71, 213], [142, 284], [213, 355], [284, 426], [355, 497], [426, 568], [497, 639], [568, 710], [639, 781], [710, 853], [781, 924], [853, 995], [924, 1066], [995, 1137], [1066, 1208], [1137, 1279], [1208, 1350], [1279, 1421], [1350, 1492], [1421, 1563], [1492, 1634], [1563, 1706], [1634, 1777], [1706, 1848], [1777, 1919], [1848, 1990], [1919, 2061], [1990, 2132], [2061, 2203], [2132, 2274], [2203, 2345], [2274, 2416], [2345, 2487], [2416, 2559]], [[0, 127], [63, 191], [127, 255], [191, 319], [255, 383], [319, 447], [383, 511], [447, 575], [511, 639], [575, 703], [639, 767], [703, 831], [767, 895], [831, 959], [895, 1023], [959, 1087], [1023, 1151], [1087, 1215], [1151, 1279], [1215, 1343], [1279, 1407], [1343, 1471], [1407, 1535], [1471, 1599], [1535, 1663], [1599, 1727], [1663, 1791], [1727, 1855], [1791, 1919], [1855, 1983], [1919, 2047], [1983, 2111], [2047, 2175], [2111, 2239], [2175, 2303], [2239, 2367], [2303, 2431], [2367, 2495], [2431, 2559]], [[0, 111], [55, 166], [111, 222], [166, 277], [222, 333], [277, 389], [333, 445], [389, 500], [445, 556], [500, 611], [556, 667], [611, 722], [667, 778], [722, 834], [778, 890], [834, 945], [890, 1001], [945, 1056], [1001, 1112], [1056, 1167], [1112, 1223], [1167, 1279], [1223, 1335], [1279, 1390], [1335, 1446], [1390, 1501], [1446, 1557], [1501, 1612], [1557, 1668], [1612, 1724], [1668, 1780], [1724, 1835], [1780, 1891], [1835, 1946], [1891, 2002], [1946, 2057], [2002, 2113], [2057, 2169], [2113, 2225], [2169, 2280], [2225, 2336], [2280, 2391], [2336, 2447], [2391, 2503], [2447, 2559]], [[0, 102], [51, 153], [102, 204], [153, 255], [204, 307], [255, 358], [307, 409], [358, 460], [409, 511], [460, 562], [511, 614], [562, 665], [614, 716], [665, 767], [716, 818], [767, 869], [818, 921], [869, 972], [921, 1023], [972, 1074], [1023, 1125], [1074, 1176], [1125, 1228], [1176, 1279], [1228, 1330], [1279, 1381], [1330, 1433], [1381, 1484], [1433, 1535], [1484, 1586], [1535, 1637], [1586, 1688], [1637, 1740], [1688, 1791], [1740, 1842], [1791, 1893], [1842, 1944], [1893, 1995], [1944, 2047], [1995, 2098], [2047, 2149], [2098, 2200], [2149, 2251], [2200, 2302], [2251, 2354], [2302, 2405], [2354, 2456], [2405, 2507], [2456, 2559]], [[0, 91], [45, 136], [91, 182], [136, 228], [182, 274], [228, 319], [274, 365], [319, 410], [365, 456], [410, 502], [456, 548], [502, 593], [548, 639], [593, 685], [639, 731], [685, 776], [731, 822], [776, 867], [822, 913], [867, 959], [913, 1005], [959, 1050], [1005, 1096], [1050, 1142], [1096, 1188], [1142, 1233], [1188, 1279], [1233, 1324], [1279, 1370], [1324, 1416], [1370, 1462], [1416, 1507], [1462, 1553], [1507, 1599], [1553, 1645], [1599, 1690], [1645, 1736], [1690, 1781], [1736, 1827], [1781, 1873], [1827, 1919], [1873, 1964], [1919, 2010], [1964, 2056], [2010, 2102], [2056, 2147], [2102, 2193], [2147, 2238], [2193, 2284], [2238, 2330], [2284, 2376], [2330, 2421], [2376, 2467], [2421, 2513], [2467, 2559]], [[0, 85], [42, 127], [85, 170], [127, 212], [170, 255], [212, 298], [255, 341], [298, 383], [341, 426], [383, 468], [426, 511], [468, 554], [511, 597], [554, 639], [597, 682], [639, 724], [682, 767], [724, 810], [767, 853], [810, 895], [853, 938], [895, 980], [938, 1023], [980, 1065], [1023, 1108], [1065, 1151], [1108, 1194], [1151, 1236], [1194, 1279], [1236, 1321], [1279, 1364], [1321, 1407], [1364, 1450], [1407, 1492], [1450, 1535], [1492, 1577], [1535, 1620], [1577, 1663], [1620, 1706], [1663, 1748], [1706, 1791], [1748, 1833], [1791, 1876], [1833, 1918], [1876, 1961], [1918, 2004], [1961, 2047], [2004, 2089], [2047, 2132], [2089, 2174], [2132, 2217], [2174, 2260], [2217, 2303], [2260, 2345], [2303, 2388], [2345, 2430], [2388, 2473], [2430, 2516], [2473, 2559]]]","[True, True, True, True, True, True, True]","[0.09415329389326504, 0.09133204288237234, 0.09185315162003331, 0.08994897307019836, 0.09288626618550676, 0.08861050759169618, 0.08223605381961874]",0.0901457555803844,"[0.4409749465605026, 0.4909609545286072, 0.5058255364553534, 0.5544111775828408, 0.5340052414796879, 0.5811354392350939, 0.6134015007920088]",0.5315306852334422,"[[0.24025278, 0.23211041, 0.23654274, 0.20891612, 0.10458052,
       0.19920442, 0.08641248, 0.17410314, 0.2060726 , 0.26002744,
       0.24943353, 0.21179204, 0.26415954, 0.20109401, 0.06621792,
       0.07043473, 0.05646979, 0.0555375 , 0.013691  , 0.03034597,
       0.01951493, 0.03129458, 0.00705555, 0.00368578, 0.02385308,
       0.03460608, 0.04494275, 0.01320061, 0.011409  ], [0.2859797 , 0.24836234, 0.2194245 , 0.1153139 , 0.13300216,
       0.12855826, 0.22745612, 0.09798863, 0.07907432, 0.20547967,
       0.22719841, 0.14777738, 0.25274168, 0.26614969, 0.26602236,
       0.24130262, 0.13252028, 0.09013937, 0.06701148, 0.09947749,
       0.0490176 , 0.04954451, 0.02677568, 0.03762552, 0.02503248,
       0.05835588, 0.02316392, 0.03185411, 0.00547049, 0.05918999,
       0.0433164 , 0.01724532, 0.03350052, 0.02958331, 0.00789133], [ 2.20153290e-01,  2.55446558e-01,  2.68267633e-01,  2.66347555e-01,
        1.16787352e-01,  1.33300509e-01,  1.21124084e-01,  1.99816824e-01,
        1.01212609e-01,  1.72205154e-01,  1.94547535e-01,  2.24259117e-01,
        1.82485659e-01,  1.61885505e-01,  1.50194047e-01,  1.17312827e-01,
        2.17407882e-01,  2.18169376e-01,  8.21882796e-02,  7.03140329e-02,
        7.80218540e-02,  7.11977921e-02,  5.46677105e-02,  1.90127248e-02,
        5.83306285e-02,  3.11454025e-02,  5.26710694e-02, -1.25599720e-04,
        3.15582151e-02,  2.46342825e-02, -2.58102939e-03,  4.53816901e-02,
        1.88554457e-02,  4.97674032e-02,  3.02526246e-02,  1.62639963e-02,
        1.90175275e-02,  2.96637088e-02,  7.87349597e-03], [ 0.22409436,  0.28669792,  0.27699734,  0.18351456,  0.13596899,
        0.14660369,  0.10063765,  0.10669198,  0.2329366 ,  0.14113407,
        0.0039826 ,  0.10645063,  0.18065127,  0.22440051,  0.07675796,
        0.16652118,  0.09335142,  0.11931711,  0.2416841 ,  0.27272754,
        0.17350252,  0.10552824,  0.0363359 ,  0.05043062,  0.03444333,
        0.04394   ,  0.06153735,  0.06088006, -0.01586371,  0.02203023,
        0.03071411,  0.03626493,  0.05253855,  0.00374817,  0.01477775,
        0.02723778,  0.03398075,  0.02790299, -0.00083744,  0.02884985,
       -0.00785348,  0.04223197, -0.00590705,  0.02508351, -0.00900992], [ 0.25227218,  0.22225312,  0.15273082,  0.17954883,  0.20772284,
        0.08535405,  0.05095582,  0.05521542,  0.09992233,  0.2307501 ,
        0.14527905,  0.04270013,  0.08293292,  0.2038306 ,  0.22772252,
        0.12252191,  0.12697587,  0.16010962,  0.11547227,  0.09115063,
        0.17115358,  0.22605589,  0.10529449,  0.05504581,  0.06488197,
        0.04671101,  0.08098099,  0.02225681,  0.04184092,  0.03602122,
        0.06320596,  0.06625681,  0.03986674,  0.03772553,  0.00345087,
       -0.00687208,  0.01098497, -0.01555005,  0.00782805,  0.00420646,
       -0.02233465,  0.05215425,  0.0115886 ,  0.01448384,  0.03619554,
        0.01142008,  0.05405378,  0.0092408 ,  0.00578864], [ 0.31038094,  0.17385924,  0.27213367,  0.27073036,  0.16933738,
        0.08717424,  0.14483367,  0.06770124,  0.08025492,  0.11750335,
        0.16942367,  0.11292795,  0.01988117,  0.16012134,  0.18998393,
        0.21885876,  0.22090228,  0.08169585,  0.05076436,  0.14008654,
        0.1749691 ,  0.10876122,  0.1085816 ,  0.20488208,  0.18940454,
        0.08102552,  0.07081269,  0.07336922,  0.07101074,  0.03583449,
        0.05737547,  0.00283411,  0.00200009,  0.04091418, -0.00233172,
        0.02786352,  0.02292346,  0.02469875, -0.04356553, -0.0145664 ,
        0.03133246, -0.02299868,  0.01143083, -0.00612923,  0.02520758,
        0.00729868,  0.02214161, -0.00285764,  0.04614287,  0.01451064,
        0.0786616 ,  0.03771164,  0.03230964,  0.01254288,  0.01422005], [ 0.30270375,  0.14357667,  0.15548191,  0.20125046,  0.12409094,
        0.15150945,  0.09822428,  0.08704793,  0.11281587,  0.11543307,
        0.11498909,  0.28947562,  0.05668706,  0.09653803,  0.13163267,
        0.05318519,  0.25727825,  0.27236089,  0.15841845,  0.09760763,
        0.11878276,  0.10234781,  0.1220444 ,  0.16415467,  0.21607406,
        0.16551754,  0.20529238,  0.08381858,  0.13243318,  0.06158176,
        0.00167222,  0.027821  ,  0.03606787,  0.02290427,  0.01766175,
        0.02459026,  0.04719418, -0.02650843,  0.01850106,  0.00039193,
       -0.01379165, -0.01511166,  0.00569932,  0.00909157,  0.0186859 ,
        0.01990999,  0.02124996,  0.03634043,  0.02133742,  0.0118615 ,
        0.05253244,  0.01068914,  0.02414708,  0.02822049,  0.00899508,
        0.01137659,  0.02158013,  0.00586442, -0.00878436]]"
1,"[0.1359320339830085, 0.15242378810594703, 0.16891554222888555, 0.17991004497751126, 0.1889055472263868, 0.23938030984507747, 0.2538730634682659]",audio/speech_commands/cat/f618568f_nohash_0.wav,"[20000, 20000, 20000, 20000, 20000, 20000, 20000]","[1.0, 1.0, 1.0, 1.0, 1.0, 1.0, 1.0]","[0.1299, 0.1473, 0.1624, 0.176, 0.1805, 0.2292, 0.2428]","[30, 35, 40, 45, 50, 55, 60]","[[[0, 170], [85, 255], [170, 341], [255, 426], [341, 511], [426, 596], [511, 682], [596, 767], [682, 853], [767, 938], [853, 1023], [938, 1108], [1023, 1194], [1108, 1279], [1194, 1364], [1279, 1449], [1364, 1535], [1449, 1620], [1535, 1706], [1620, 1791], [1706, 1876], [1791, 1961], [1876, 2047], [1961, 2132], [2047, 2217], [2132, 2302], [2217, 2388], [2302, 2473], [2388, 2559]], [[0, 142], [71, 213], [142, 284], [213, 355], [284, 426], [355, 497], [426, 568], [497, 639], [568, 710], [639, 781], [710, 853], [781, 924], [853, 995], [924, 1066], [995, 1137], [1066, 1208], [1137, 1279], [1208, 1350], [1279, 1421], [1350, 1492], [1421, 1563], [1492, 1634], [1563, 1706], [1634, 1777], [1706, 1848], [1777, 1919], [1848, 1990], [1919, 2061], [1990, 2132], [2061, 2203], [2132, 2274], [2203, 2345], [2274, 2416], [2345, 2487], [2416, 2559]], [[0, 127], [63, 191], [127, 255], [191, 319], [255, 383], [319, 447], [383, 511], [447, 575], [511, 639], [575, 703], [639, 767], [703, 831], [767, 895], [831, 959], [895, 1023], [959, 1087], [1023, 1151], [1087, 1215], [1151, 1279], [1215, 1343], [1279, 1407], [1343, 1471], [1407, 1535], [1471, 1599], [1535, 1663], [1599, 1727], [1663, 1791], [1727, 1855], [1791, 1919], [1855, 1983], [1919, 2047], [1983, 2111], [2047, 2175], [2111, 2239], [2175, 2303], [2239, 2367], [2303, 2431], [2367, 2495], [2431, 2559]], [[0, 111], [55, 166], [111, 222], [166, 277], [222, 333], [277, 389], [333, 445], [389, 500], [445, 556], [500, 611], [556, 667], [611, 722], [667, 778], [722, 834], [778, 890], [834, 945], [890, 1001], [945, 1056], [1001, 1112], [1056, 1167], [1112, 1223], [1167, 1279], [1223, 1335], [1279, 1390], [1335, 1446], [1390, 1501], [1446, 1557], [1501, 1612], [1557, 1668], [1612, 1724], [1668, 1780], [1724, 1835], [1780, 1891], [1835, 1946], [1891, 2002], [1946, 2057], [2002, 2113], [2057, 2169], [2113, 2225], [2169, 2280], [2225, 2336], [2280, 2391], [2336, 2447], [2391, 2503], [2447, 2559]], [[0, 102], [51, 153], [102, 204], [153, 255], [204, 307], [255, 358], [307, 409], [358, 460], [409, 511], [460, 562], [511, 614], [562, 665], [614, 716], [665, 767], [716, 818], [767, 869], [818, 921], [869, 972], [921, 1023], [972, 1074], [1023, 1125], [1074, 1176], [1125, 1228], [1176, 1279], [1228, 1330], [1279, 1381], [1330, 1433], [1381, 1484], [1433, 1535], [1484, 1586], [1535, 1637], [1586, 1688], [1637, 1740], [1688, 1791], [1740, 1842], [1791, 1893], [1842, 1944], [1893, 1995], [1944, 2047], [1995, 2098], [2047, 2149], [2098, 2200], [2149, 2251], [2200, 2302], [2251, 2354], [2302, 2405], [2354, 2456], [2405, 2507], [2456, 2559]], [[0, 91], [45, 136], [91, 182], [136, 228], [182, 274], [228, 319], [274, 365], [319, 410], [365, 456], [410, 502], [456, 548], [502, 593], [548, 639], [593, 685], [639, 731], [685, 776], [731, 822], [776, 867], [822, 913], [867, 959], [913, 1005], [959, 1050], [1005, 1096], [1050, 1142], [1096, 1188], [1142, 1233], [1188, 1279], [1233, 1324], [1279, 1370], [1324, 1416], [1370, 1462], [1416, 1507], [1462, 1553], [1507, 1599], [1553, 1645], [1599, 1690], [1645, 1736], [1690, 1781], [1736, 1827], [1781, 1873], [1827, 1919], [1873, 1964], [1919, 2010], [1964, 2056], [2010, 2102], [2056, 2147], [2102, 2193], [2147, 2238], [2193, 2284], [2238, 2330], [2284, 2376], [2330, 2421], [2376, 2467], [2421, 2513], [2467, 2559]], [[0, 85], [42, 127], [85, 170], [127, 212], [170, 255], [212, 298], [255, 341], [298, 383], [341, 426], [383, 468], [426, 511], [468, 554], [511, 597], [554, 639], [597, 682], [639, 724], [682, 767], [724, 810], [767, 853], [810, 895], [853, 938], [895, 980], [938, 1023], [980, 1065], [1023, 1108], [1065, 1151], [1108, 1194], [1151, 1236], [1194, 1279], [1236, 1321], [1279, 1364], [1321, 1407], [1364, 1450], [1407, 1492], [1450, 1535], [1492, 1577], [1535, 1620], [1577, 1663], [1620, 1706], [1663, 1748], [1706, 1791], [1748, 1833], [1791, 1876], [1833, 1918], [1876, 1961], [1918, 2004], [1961, 2047], [2004, 2089], [2047, 2132], [2089, 2174], [2132, 2217], [2174, 2260], [2217, 2303], [2260, 2345], [2303, 2388], [2345, 2430], [2388, 2473], [2430, 2516], [2473, 2559]]]","[True, True, True, True, True, True, True]","[0.07876561395369006, 0.08528691374400908, 0.08556034190909706, 0.08978635145982745, 0.08379380799509582, 0.08222370977943305, 0.0845821553611924]",0.08428555631462072,"[0.353458213975829, 0.3712555646060748, 0.40949885306850886, 0.4178164823647724, 0.4585863289336918, 0.5461822817541513, 0.5451001851053141]",0.4431282728297631,"[[0.14664172, 0.15164972, 0.15274603, 0.1663338 , 0.15041337,
       0.14140614, 0.04872902, 0.14549   , 0.11285186, 0.15738993,
       0.16168631, 0.17725008, 0.16520317, 0.06636061, 0.07728258,
       0.07831016, 0.0701492 , 0.06691065, 0.08196845, 0.04318329,
       0.03954743, 0.05300163, 0.05217236, 0.01064001, 0.01157805,
       0.04874826, 0.02971429, 0.01611469, 0.03337994], [0.15293985, 0.15895095, 0.15346677, 0.14534287, 0.14966092,
       0.13456511, 0.11300513, 0.08917169, 0.13434403, 0.16481672,
       0.07782091, 0.12046406, 0.14551736, 0.16778315, 0.15234808,
       0.14018921, 0.07928911, 0.05955218, 0.06037044, 0.06051208,
       0.04361369, 0.06050632, 0.03389426, 0.06368064, 0.02371881,
       0.03717236, 0.01535255, 0.02581285, 0.02660024, 0.01100056,
       0.03733117, 0.04024644, 0.03337785, 0.03503211, 0.03561777], [ 0.1505002 ,  0.15574309,  0.17432808,  0.16131526,  0.16707232,
        0.1683104 ,  0.0968936 ,  0.17577258,  0.09090463,  0.160149  ,
        0.1007339 ,  0.09254064,  0.09532879,  0.13517987,  0.1836683 ,
        0.16132735,  0.19918664,  0.06136294,  0.07518631,  0.04419724,
        0.05999289,  0.04335886,  0.01533258,  0.05823536,  0.06680612,
        0.04391481,  0.07024484,  0.01943245,  0.06711502, -0.00935489,
        0.04669536,  0.03096373, -0.00145702,  0.04929936,  0.0453575 ,
        0.04332939,  0.00754082,  0.01474672,  0.00864374], [0.13046268, 0.14510071, 0.15546247, 0.1437311 , 0.1439635 ,
       0.13956174, 0.18617904, 0.05329113, 0.14600195, 0.10658986,
       0.04164322, 0.14275867, 0.07530322, 0.08885171, 0.09494668,
       0.10885559, 0.12528556, 0.12266524, 0.1162028 , 0.08888482,
       0.03899514, 0.07231473, 0.05815561, 0.03618364, 0.09150565,
       0.05177895, 0.0424418 , 0.05521737, 0.02459697, 0.05946447,
       0.042791  , 0.03678672, 0.06503249, 0.03078698, 0.02645931,
       0.0228579 , 0.00765446, 0.0380236 , 0.00341232, 0.03466215,
       0.05329957, 0.02397169, 0.01620015, 0.0458953 , 0.04083981], [ 0.12896048,  0.11392912,  0.15245638,  0.12385375,  0.16395507,
        0.11915899,  0.11888335,  0.18324022,  0.09305998,  0.1171256 ,
        0.04142101,  0.07032078,  0.09988212,  0.08388245,  0.06355516,
        0.09162206,  0.083532  ,  0.11658392,  0.11490451,  0.07760079,
        0.12436632,  0.05402584,  0.07378831,  0.07866985,  0.0367789 ,
        0.06345592,  0.05043438,  0.04481032,  0.00252342,  0.0313096 ,
        0.0661873 ,  0.07500196,  0.06284555,  0.05962136,  0.08601535,
        0.04345612,  0.02718426,  0.01670814,  0.0504004 ,  0.05626008,
        0.0499174 ,  0.05224769,  0.04119877,  0.02159798,  0.06546967,
        0.03374933, -0.00531885,  0.030042  ,  0.05507002], [0.15768334, 0.12914973, 0.14373851, 0.16807789, 0.15468378,
       0.14631615, 0.12385654, 0.12019998, 0.15419862, 0.10317269,
       0.11667008, 0.08895035, 0.10441312, 0.10570164, 0.10249697,
       0.0471177 , 0.07809355, 0.08168514, 0.12030593, 0.12749825,
       0.11851489, 0.10867403, 0.09598342, 0.10820715, 0.10559821,
       0.06338499, 0.07185279, 0.08726056, 0.03607382, 0.06621761,
       0.05668336, 0.07064837, 0.05915078, 0.04886738, 0.05261236,
       0.02567404, 0.0707547 , 0.04405817, 0.06591781, 0.03199265,
       0.06379459, 0.03654874, 0.05020092, 0.02750683, 0.03209608,
       0.06146482, 0.04820335, 0.03744982, 0.04847598, 0.0361905 ,
       0.06988384, 0.02793767, 0.02306981, 0.03046564, 0.02993364], [0.16914361, 0.2229451 , 0.13076766, 0.16158162, 0.1563429 ,
       0.13750879, 0.09898894, 0.0955474 , 0.16013146, 0.09322952,
       0.11014395, 0.10804188, 0.07657117, 0.05247397, 0.08621056,
       0.07413606, 0.096201  , 0.05312138, 0.06741057, 0.07123926,
       0.08112169, 0.11470002, 0.12859806, 0.1612636 , 0.11719082,
       0.08776826, 0.07725551, 0.05783959, 0.07257467, 0.0624474 ,
       0.03891298, 0.0781948 , 0.04669393, 0.03666155, 0.00471876,
       0.06386551, 0.05976473, 0.0451539 , 0.06022018, 0.05305164,
       0.04289776, 0.0423502 , 0.02747453, 0.04070993, 0.05377371,
       0.02843574, 0.02001826, 0.02355392, 0.01526887, 0.02335052,
       0.05414143, 0.08749054, 0.0377393 , 0.0641776 , 0.05512166,
       0.02635399, 0.02843229, 0.0207726 , 0.03657429]]"
2,"[0.47926036981509246, 0.5337331334332833, 0.5237381309345327, 0.5442278860569715, 0.5452273863068465, 0.6456771614192903, 0.6341829085457271]",audio/speech_commands/cat/e9a76b2f_nohash_0.wav,"[20000, 20000, 20000, 20000, 20000, 20000, 20000]","[1.0, 1.0, 1.0, 1.0, 1.0, 1.0, 1.0]","[0.448, 0.5073, 0.492, 0.5127, 0.518, 0.6147, 0.5996]","[30, 35, 40, 45, 50, 55, 60]","[[[0, 170], [85, 255], [170, 341], [255, 426], [341, 511], [426, 596], [511, 682], [596, 767], [682, 853], [767, 938], [853, 1023], [938, 1108], [1023, 1194], [1108, 1279], [1194, 1364], [1279, 1449], [1364, 1535], [1449, 1620], [1535, 1706], [1620, 1791], [1706, 1876], [1791, 1961], [1876, 2047], [1961, 2132], [2047, 2217], [2132, 2302], [2217, 2388], [2302, 2473], [2388, 2559]], [[0, 142], [71, 213], [142, 284], [213, 355], [284, 426], [355, 497], [426, 568], [497, 639], [568, 710], [639, 781], [710, 853], [781, 924], [853, 995], [924, 1066], [995, 1137], [1066, 1208], [1137, 1279], [1208, 1350], [1279, 1421], [1350, 1492], [1421, 1563], [1492, 1634], [1563, 1706], [1634, 1777], [1706, 1848], [1777, 1919], [1848, 1990], [1919, 2061], [1990, 2132], [2061, 2203], [2132, 2274], [2203, 2345], [2274, 2416], [2345, 2487], [2416, 2559]], [[0, 127], [63, 191], [127, 255], [191, 319], [255, 383], [319, 447], [383, 511], [447, 575], [511, 639], [575, 703], [639, 767], [703, 831], [767, 895], [831, 959], [895, 1023], [959, 1087], [1023, 1151], [1087, 1215], [1151, 1279], [1215, 1343], [1279, 1407], [1343, 1471], [1407, 1535], [1471, 1599], [1535, 1663], [1599, 1727], [1663, 1791], [1727, 1855], [1791, 1919], [1855, 1983], [1919, 2047], [1983, 2111], [2047, 2175], [2111, 2239], [2175, 2303], [2239, 2367], [2303, 2431], [2367, 2495], [2431, 2559]], [[0, 111], [55, 166], [111, 222], [166, 277], [222, 333], [277, 389], [333, 445], [389, 500], [445, 556], [500, 611], [556, 667], [611, 722], [667, 778], [722, 834], [778, 890], [834, 945], [890, 1001], [945, 1056], [1001, 1112], [1056, 1167], [1112, 1223], [1167, 1279], [1223, 1335], [1279, 1390], [1335, 1446], [1390, 1501], [1446, 1557], [1501, 1612], [1557, 1668], [1612, 1724], [1668, 1780], [1724, 1835], [1780, 1891], [1835, 1946], [1891, 2002], [1946, 2057], [2002, 2113], [2057, 2169], [2113, 2225], [2169, 2280], [2225, 2336], [2280, 2391], [2336, 2447], [2391, 2503], [2447, 2559]], [[0, 102], [51, 153], [102, 204], [153, 255], [204, 307], [255, 358], [307, 409], [358, 460], [409, 511], [460, 562], [511, 614], [562, 665], [614, 716], [665, 767], [716, 818], [767, 869], [818, 921], [869, 972], [921, 1023], [972, 1074], [1023, 1125], [1074, 1176], [1125, 1228], [1176, 1279], [1228, 1330], [1279, 1381], [1330, 1433], [1381, 1484], [1433, 1535], [1484, 1586], [1535, 1637], [1586, 1688], [1637, 1740], [1688, 1791], [1740, 1842], [1791, 1893], [1842, 1944], [1893, 1995], [1944, 2047], [1995, 2098], [2047, 2149], [2098, 2200], [2149, 2251], [2200, 2302], [2251, 2354], [2302, 2405], [2354, 2456], [2405, 2507], [2456, 2559]], [[0, 91], [45, 136], [91, 182], [136, 228], [182, 274], [228, 319], [274, 365], [319, 410], [365, 456], [410, 502], [456, 548], [502, 593], [548, 639], [593, 685], [639, 731], [685, 776], [731, 822], [776, 867], [822, 913], [867, 959], [913, 1005], [959, 1050], [1005, 1096], [1050, 1142], [1096, 1188], [1142, 1233], [1188, 1279], [1233, 1324], [1279, 1370], [1324, 1416], [1370, 1462], [1416, 1507], [1462, 1553], [1507, 1599], [1553, 1645], [1599, 1690], [1645, 1736], [1690, 1781], [1736, 1827], [1781, 1873], [1827, 1919], [1873, 1964], [1919, 2010], [1964, 2056], [2010, 2102], [2056, 2147], [2102, 2193], [2147, 2238], [2193, 2284], [2238, 2330], [2284, 2376], [2330, 2421], [2376, 2467], [2421, 2513], [2467, 2559]], [[0, 85], [42, 127], [85, 170], [127, 212], [170, 255], [212, 298], [255, 341], [298, 383], [341, 426], [383, 468], [426, 511], [468, 554], [511, 597], [554, 639], [597, 682], [639, 724], [682, 767], [724, 810], [767, 853], [810, 895], [853, 938], [895, 980], [938, 1023], [980, 1065], [1023, 1108], [1065, 1151], [1108, 1194], [1151, 1236], [1194, 1279], [1236, 1321], [1279, 1364], [1321, 1407], [1364, 1450], [1407, 1492], [1450, 1535], [1492, 1577], [1535, 1620], [1577, 1663], [1620, 1706], [1663, 1748], [1706, 1791], [1748, 1833], [1791, 1876], [1833, 1918], [1876, 1961], [1918, 2004], [1961, 2047], [2004, 2089], [2047, 2132], [2089, 2174], [2132, 2217], [2174, 2260], [2217, 2303], [2260, 2345], [2303, 2388], [2345, 2430], [2388, 2473], [2430, 2516], [2473, 2559]]]","[True, True, True, True, True, True, True]","[0.11552105175329261, 0.11266075406351404, 0.10512150168149677, 0.10689716028249899, 0.11195893976814095, 0.09825896687906921, 0.1044353775156734]",0.10783625027766942,"[0.4764083259667648, 0.4817874609471369, 0.515035452588354, 0.5035891910948589, 0.4823731717797068, 0.49068436118686665, 0.47042586303495654]",0.4886148323712349,"[[0.1959214 , 0.37390417, 0.43668801, 0.20657528, 0.12486078,
       0.24066785, 0.21649909, 0.23725074, 0.19192744, 0.2369121 ,
       0.17027161, 0.16531478, 0.11235673, 0.11242027, 0.05521837,
       0.07335855, 0.0333963 , 0.10754122, 0.03986271, 0.07370305,
       0.03092892, 0.13040511, 0.07617612, 0.05647063, 0.06315837,
       0.08152133, 0.00926989, 0.08222115, 0.04381392], [0.16725286, 0.26961021, 0.40526966, 0.43174281, 0.06355905,
       0.02290075, 0.10661735, 0.1525711 , 0.20784001, 0.21050904,
       0.19130622, 0.18696446, 0.19053422, 0.20370358, 0.18112268,
       0.14101417, 0.083697  , 0.07312389, 0.03448722, 0.02718713,
       0.05376516, 0.08921071, 0.0354219 , 0.03844308, 0.05287033,
       0.07735324, 0.17299322, 0.1015228 , 0.08629636, 0.13146417,
       0.04004809, 0.00168478, 0.0376586 , 0.01371423, 0.02487529], [0.18585676, 0.2017555 , 0.2551601 , 0.42251537, 0.24624654,
       0.03538601, 0.0463577 , 0.16744659, 0.16478525, 0.225714  ,
       0.23765474, 0.19999791, 0.19221355, 0.18176185, 0.17839162,
       0.12518239, 0.12738735, 0.12744975, 0.07017354, 0.02306929,
       0.01576232, 0.0206292 , 0.04452015, 0.09143593, 0.04558078,
       0.07752991, 0.06161486, 0.09520748, 0.08320556, 0.10955434,
       0.06303121, 0.03024458, 0.05874723, 0.06286041, 0.02924623,
       0.01351585, 0.07382576, 0.02771363, 0.04028883], [ 0.29080824,  0.12578202,  0.22773028,  0.32695769,  0.31941861,
        0.08327732,  0.02522096,  0.0971869 ,  0.03956907,  0.13379856,
        0.15398951,  0.15271969,  0.22578403,  0.14883879,  0.0789723 ,
        0.07917806,  0.08111636,  0.07613221,  0.13191752,  0.13325762,
        0.04396161,  0.02560705,  0.04261998, -0.03348451,  0.00356715,
        0.04195531,  0.02411796,  0.04301361,  0.11516995,  0.05167079,
        0.08386312,  0.05085847, -0.00128775,  0.03020363,  0.08445502,
        0.11137156,  0.04042361,  0.0689519 ,  0.07618982,  0.06398769,
        0.07837483,  0.01176303,  0.02749943,  0.00991113,  0.01604398], [ 0.28203013,  0.13428898,  0.15616055,  0.22955916,  0.27897083,
        0.15981432,  0.04008789,  0.04210723,  0.0558984 ,  0.08049828,
        0.05067467,  0.24612881,  0.18044826,  0.13141135,  0.1178553 ,
        0.12266599,  0.1444326 ,  0.11234084,  0.08517941,  0.09996897,
        0.12278002,  0.11325172,  0.02770056,  0.00187066, -0.00123615,
       -0.02677445,  0.01727537,  0.04085854,  0.05513019,  0.0440974 ,
        0.0564883 ,  0.03560796,  0.02441358,  0.06501972,  0.06214212,
        0.04890983,  0.11596587,  0.07789138,  0.08839237,  0.04792497,
        0.0572277 ,  0.03831823,  0.06190563, -0.01340906,  0.02621446,
        0.02498171,  0.01163147,  0.00495073,  0.03526286], [ 0.36027261,  0.16903638,  0.08124672,  0.17001575,  0.27256187,
        0.29326119,  0.07760364,  0.06191263,  0.00805808,  0.08010785,
        0.03374243,  0.12818117,  0.09559017,  0.15138763,  0.15599137,
        0.1183088 ,  0.07365562,  0.10454909,  0.11753342,  0.12050638,
        0.08901836,  0.04383071,  0.04889968,  0.03641789,  0.07511503,
       -0.01069385,  0.02181899,  0.04976269,  0.02458867, -0.02508201,
        0.02955612,  0.01596106,  0.02625887,  0.03583625,  0.03404314,
        0.05025599,  0.03085989,  0.00518699,  0.05781933,  0.00471815,
        0.02555964,  0.07175331,  0.04539824,  0.04710991,  0.04515144,
        0.06971788,  0.0596004 ,  0.07188961,  0.03530349,  0.00927369,
       -0.03693917,  0.08597321, -0.00274636, -0.02402872, -0.00835278], [ 0.31309267,  0.17155001,  0.13453758,  0.06651114,  0.18055166,
        0.26769981,  0.25257197,  0.11249646,  0.07791151,  0.03709371,
        0.04916969,  0.02327342,  0.0698925 ,  0.13939021,  0.19148845,
        0.06262133,  0.1337179 ,  0.12148548,  0.03865839,  0.0530927 ,
        0.08035242,  0.04260442,  0.06418345,  0.07153653,  0.02822267,
        0.06427194,  0.06578944,  0.02256811,  0.02000608,  0.00824524,
        0.01011476, -0.02673426,  0.01092097,  0.03067598,  0.03825875,
       -0.02116053,  0.01585014,  0.02860864,  0.03577949,  0.05586969,
        0.03914649,  0.02174046,  0.02270997,  0.09902413,  0.0457679 ,
        0.09169452,  0.08915005,  0.03442733,  0.03825247,  0.06961262,
        0.06502861,  0.01885223, -0.00737656, -0.01068919,  0.03000132,
        0.01856795,  0.00974287, -0.02983156,  0.00473743]]"
3,"[0.12293853073463268, 0.13193403298350825, 0.1629185407296352, 0.16891554222888555, 0.20689655172413793, 0.20339830084957522, 0.22688655672163918]",audio/speech_commands/cat/ba676390_nohash_0.wav,"[20000, 20000, 20000, 20000, 20000, 20000, 20000]","[0.9844, 0.9844, 0.9844, 0.9844, 0.9844, 0.9844, 0.9844]","[0.1192, 0.1273, 0.1562, 0.1615, 0.1991, 0.1954, 0.2183]","[30, 35, 40, 45, 50, 55, 60]","[[[0, 170], [85, 255], [170, 341], [255, 426], [341, 511], [426, 596], [511, 682], [596, 767], [682, 853], [767, 938], [853, 1023], [938, 1108], [1023, 1194], [1108, 1279], [1194, 1364], [1279, 1449], [1364, 1535], [1449, 1620], [1535, 1706], [1620, 1791], [1706, 1876], [1791, 1961], [1876, 2047], [1961, 2132], [2047, 2217], [2132, 2302], [2217, 2388], [2302, 2473], [2388, 2559]], [[0, 142], [71, 213], [142, 284], [213, 355], [284, 426], [355, 497], [426, 568], [497, 639], [568, 710], [639, 781], [710, 853], [781, 924], [853, 995], [924, 1066], [995, 1137], [1066, 1208], [1137, 1279], [1208, 1350], [1279, 1421], [1350, 1492], [1421, 1563], [1492, 1634], [1563, 1706], [1634, 1777], [1706, 1848], [1777, 1919], [1848, 1990], [1919, 2061], [1990, 2132], [2061, 2203], [2132, 2274], [2203, 2345], [2274, 2416], [2345, 2487], [2416, 2559]], [[0, 127], [63, 191], [127, 255], [191, 319], [255, 383], [319, 447], [383, 511], [447, 575], [511, 639], [575, 703], [639, 767], [703, 831], [767, 895], [831, 959], [895, 1023], [959, 1087], [1023, 1151], [1087, 1215], [1151, 1279], [1215, 1343], [1279, 1407], [1343, 1471], [1407, 1535], [1471, 1599], [1535, 1663], [1599, 1727], [1663, 1791], [1727, 1855], [1791, 1919], [1855, 1983], [1919, 2047], [1983, 2111], [2047, 2175], [2111, 2239], [2175, 2303], [2239, 2367], [2303, 2431], [2367, 2495], [2431, 2559]], [[0, 111], [55, 166], [111, 222], [166, 277], [222, 333], [277, 389], [333, 445], [389, 500], [445, 556], [500, 611], [556, 667], [611, 722], [667, 778], [722, 834], [778, 890], [834, 945], [890, 1001], [945, 1056], [1001, 1112], [1056, 1167], [1112, 1223], [1167, 1279], [1223, 1335], [1279, 1390], [1335, 1446], [1390, 1501], [1446, 1557], [1501, 1612], [1557, 1668], [1612, 1724], [1668, 1780], [1724, 1835], [1780, 1891], [1835, 1946], [1891, 2002], [1946, 2057], [2002, 2113], [2057, 2169], [2113, 2225], [2169, 2280], [2225, 2336], [2280, 2391], [2336, 2447], [2391, 2503], [2447, 2559]], [[0, 102], [51, 153], [102, 204], [153, 255], [204, 307], [255, 358], [307, 409], [358, 460], [409, 511], [460, 562], [511, 614], [562, 665], [614, 716], [665, 767], [716, 818], [767, 869], [818, 921], [869, 972], [921, 1023], [972, 1074], [1023, 1125], [1074, 1176], [1125, 1228], [1176, 1279], [1228, 1330], [1279, 1381], [1330, 1433], [1381, 1484], [1433, 1535], [1484, 1586], [1535, 1637], [1586, 1688], [1637, 1740], [1688, 1791], [1740, 1842], [1791, 1893], [1842, 1944], [1893, 1995], [1944, 2047], [1995, 2098], [2047, 2149], [2098, 2200], [2149, 2251], [2200, 2302], [2251, 2354], [2302, 2405], [2354, 2456], [2405, 2507], [2456, 2559]], [[0, 91], [45, 136], [91, 182], [136, 228], [182, 274], [228, 319], [274, 365], [319, 410], [365, 456], [410, 502], [456, 548], [502, 593], [548, 639], [593, 685], [639, 731], [685, 776], [731, 822], [776, 867], [822, 913], [867, 959], [913, 1005], [959, 1050], [1005, 1096], [1050, 1142], [1096, 1188], [1142, 1233], [1188, 1279], [1233, 1324], [1279, 1370], [1324, 1416], [1370, 1462], [1416, 1507], [1462, 1553], [1507, 1599], [1553, 1645], [1599, 1690], [1645, 1736], [1690, 1781], [1736, 1827], [1781, 1873], [1827, 1919], [1873, 1964], [1919, 2010], [1964, 2056], [2010, 2102], [2056, 2147], [2102, 2193], [2147, 2238], [2193, 2284], [2238, 2330], [2284, 2376], [2330, 2421], [2376, 2467], [2421, 2513], [2467, 2559]], [[0, 85], [42, 127], [85, 170], [127, 212], [170, 255], [212, 298], [255, 341], [298, 383], [341, 426], [383, 468], [426, 511], [468, 554], [511, 597], [554, 639], [597, 682], [639, 724], [682, 767], [724, 810], [767, 853], [810, 895], [853, 938], [895, 980], [938, 1023], [980, 1065], [1023, 1108], [1065, 1151], [1108, 1194], [1151, 1236], [1194, 1279], [1236, 1321], [1279, 1364], [1321, 1407], [1364, 1450], [1407, 1492], [1450, 1535], [1492, 1577], [1535, 1620], [1577, 1663], [1620, 1706], [1663, 1748], [1706, 1791], [1748, 1833], [1791, 1876], [1833, 1918], [1876, 1961], [1918, 2004], [1961, 2047], [2004, 2089], [2047, 2132], [2089, 2174], [2132, 2217], [2174, 2260], [2217, 2303], [2260, 2345], [2303, 2388], [2345, 2430], [2388, 2473], [2430, 2516], [2473, 2559]]]","[True, True, True, True, True, True, True]","[0.08209539145789659, 0.08024797684334734, 0.08581556955591454, 0.08787530897693353, 0.09382264980676526, 0.09514872582959466, 0.08956433031685913]",0.08779570754104445,"[0.35234225227127536, 0.3692134760161724, 0.4298067581706936, 0.43042195152842744, 0.46525869499714767, 0.45840317942569864, 0.5149858257106231]",0.4314903054457197,"[[ 0.1816088 ,  0.15769367,  0.14663323,  0.16065399,  0.14916393,
        0.16715445,  0.1366594 ,  0.12956183,  0.13043541,  0.16775047,
        0.15969369,  0.16501338,  0.1549758 ,  0.14899578,  0.06608619,
        0.06354658,  0.10648353,  0.06120072,  0.00731205, -0.00298026,
        0.01442951, -0.03651524,  0.0124976 , -0.02103563,  0.03924314,
        0.00493079, -0.01506953,  0.00540883, -0.02045804], [ 0.15146182,  0.12027116,  0.16938109,  0.15394016,  0.16034763,
        0.14741687,  0.12863876,  0.13378719,  0.15352121,  0.15859732,
        0.15622887,  0.09216495,  0.11320611,  0.09904433,  0.08935444,
        0.17547157,  0.12877503,  0.0275797 ,  0.06998124,  0.05194225,
        0.06136204,  0.04627093,  0.06094947,  0.05668857,  0.01880109,
        0.05903885,  0.04167927,  0.01488207,  0.02098331,  0.06304805,
        0.0208512 , -0.02697102,  0.00965649,  0.02742303, -0.00887736], [0.20654129, 0.16400245, 0.18369632, 0.14625423, 0.11278223,
       0.15771372, 0.18043021, 0.1318169 , 0.145401  , 0.15037731,
       0.2088189 , 0.10295603, 0.12723592, 0.08783485, 0.12734419,
       0.11797799, 0.12055201, 0.13033421, 0.12308886, 0.02188279,
       0.06809006, 0.05370073, 0.05240599, 0.0430129 , 0.07744301,
       0.0065076 , 0.05690281, 0.0350452 , 0.00363212, 0.05014918,
       0.0294336 , 0.05919186, 0.03531478, 0.0638935 , 0.0613754 ,
       0.00325016, 0.02024868, 0.04657294, 0.03826767], [ 0.14657107,  0.16777965,  0.15755164,  0.18400682,  0.08959776,
        0.13427718,  0.15196475,  0.11407789,  0.15786422,  0.16449655,
        0.16028519,  0.17152571,  0.0562885 ,  0.07295827,  0.05876759,
        0.08767936,  0.08664682,  0.05656614,  0.09631588,  0.15446178,
        0.05539818,  0.075332  ,  0.01879067,  0.05427514,  0.05850168,
        0.05957994,  0.02395061,  0.06194236,  0.05387124,  0.03061498,
        0.01994506,  0.0180904 ,  0.07016837,  0.01035176,  0.0436592 ,
        0.03028098,  0.04087524,  0.0442401 ,  0.04016202, -0.00579234,
        0.00358041,  0.01462074,  0.00667498,  0.0088229 ,  0.01884658], [ 0.10346186,  0.17746672,  0.17194934,  0.18652554,  0.13615832,
        0.10491947,  0.10384083,  0.21783829,  0.10813585,  0.16359584,
        0.14943697,  0.14967032,  0.18456995,  0.07623599,  0.03270635,
        0.08362445,  0.09286118,  0.10171626,  0.10783668,  0.07155576,
        0.07117908,  0.11981429,  0.04112958,  0.06537517,  0.04923478,
        0.06392513,  0.06662887,  0.07930796,  0.04831299,  0.02052732,
        0.04202978,  0.02669144,  0.02660129,  0.01492306,  0.05350043,
        0.04261509,  0.05933223,  0.03865285,  0.02247504,  0.09047459,
        0.03294924,  0.0451892 ,  0.03160879,  0.03437206,  0.03952168,
        0.03607278, -0.00195513,  0.02937656,  0.01374428], [ 0.11158115,  0.16296426,  0.17335814,  0.2106471 ,  0.08077217,
        0.10997499,  0.12332576,  0.08124061,  0.13262354,  0.08682095,
        0.21310926,  0.08088488,  0.1745844 ,  0.15527282,  0.20263061,
        0.09665898,  0.0619765 , -0.00603554,  0.05609972,  0.01867239,
        0.11718226,  0.12419917,  0.04932151,  0.13194734,  0.06192639,
        0.05603345,  0.06916961,  0.04864615,  0.05426475,  0.04171778,
        0.05193475,  0.04530249,  0.03457859,  0.014078  ,  0.05076882,
        0.02619064,  0.05065691,  0.004233  ,  0.04870012,  0.01501575,
        0.0359682 , -0.00059009,  0.0259675 ,  0.05725751,  0.02165351,
        0.03555957,  0.03557608,  0.03268434, -0.00444529, -0.01017481,
        0.02987643,  0.01035019,  0.04460704, -0.03292252,  0.02454603], [ 0.08795094,  0.15106062,  0.14606358,  0.17022667,  0.1332383 ,
        0.10786125,  0.09204703,  0.07417406,  0.05255705,  0.20581907,
        0.09217219,  0.20547971,  0.11598429,  0.19732407,  0.09316353,
        0.17998572,  0.04796003,  0.03885675,  0.04513907,  0.02955983,
        0.05168546,  0.09310804,  0.11360292,  0.12358033,  0.08342163,
        0.11084215,  0.06948781,  0.06424259,  0.05699607,  0.03838561,
        0.04294277,  0.04687469,  0.06875799,  0.08986171,  0.04019654,
        0.05021472,  0.07865884,  0.05403228,  0.00379455,  0.03225803,
        0.07128185,  0.04506541,  0.06124479,  0.05176019,  0.04712136,
        0.02226688,  0.01856685,  0.01766183,  0.0082053 ,  0.04784916,
        0.04626595,  0.02963604,  0.03256952,  0.02681549,  0.01401097,
        0.03815858, -0.01257026,  0.04136403,  0.00315356]]"
4,"[0.19140429785107446, 0.20689655172413793, 0.2098950524737631, 0.24387806096951525, 0.2688655672163918, 0.31434282858570717, 0.3498250874562719]",audio/speech_commands/cat/db7c95b0_nohash_0.wav,"[20000, 20000, 20000, 20000, 20000, 20000, 20000]","[0.969, 0.969, 0.969, 0.969, 0.969, 0.969, 0.969]","[0.1666, 0.179, 0.1823, 0.211, 0.2351, 0.273, 0.3047]","[30, 35, 40, 45, 50, 55, 60]","[[[0, 170], [85, 255], [170, 341], [255, 426], [341, 511], [426, 596], [511, 682], [596, 767], [682, 853], [767, 938], [853, 1023], [938, 1108], [1023, 1194], [1108, 1279], [1194, 1364], [1279, 1449], [1364, 1535], [1449, 1620], [1535, 1706], [1620, 1791], [1706, 1876], [1791, 1961], [1876, 2047], [1961, 2132], [2047, 2217], [2132, 2302], [2217, 2388], [2302, 2473], [2388, 2559]], [[0, 142], [71, 213], [142, 284], [213, 355], [284, 426], [355, 497], [426, 568], [497, 639], [568, 710], [639, 781], [710, 853], [781, 924], [853, 995], [924, 1066], [995, 1137], [1066, 1208], [1137, 1279], [1208, 1350], [1279, 1421], [1350, 1492], [1421, 1563], [1492, 1634], [1563, 1706], [1634, 1777], [1706, 1848], [1777, 1919], [1848, 1990], [1919, 2061], [1990, 2132], [2061, 2203], [2132, 2274], [2203, 2345], [2274, 2416], [2345, 2487], [2416, 2559]], [[0, 127], [63, 191], [127, 255], [191, 319], [255, 383], [319, 447], [383, 511], [447, 575], [511, 639], [575, 703], [639, 767], [703, 831], [767, 895], [831, 959], [895, 1023], [959, 1087], [1023, 1151], [1087, 1215], [1151, 1279], [1215, 1343], [1279, 1407], [1343, 1471], [1407, 1535], [1471, 1599], [1535, 1663], [1599, 1727], [1663, 1791], [1727, 1855], [1791, 1919], [1855, 1983], [1919, 2047], [1983, 2111], [2047, 2175], [2111, 2239], [2175, 2303], [2239, 2367], [2303, 2431], [2367, 2495], [2431, 2559]], [[0, 111], [55, 166], [111, 222], [166, 277], [222, 333], [277, 389], [333, 445], [389, 500], [445, 556], [500, 611], [556, 667], [611, 722], [667, 778], [722, 834], [778, 890], [834, 945], [890, 1001], [945, 1056], [1001, 1112], [1056, 1167], [1112, 1223], [1167, 1279], [1223, 1335], [1279, 1390], [1335, 1446], [1390, 1501], [1446, 1557], [1501, 1612], [1557, 1668], [1612, 1724], [1668, 1780], [1724, 1835], [1780, 1891], [1835, 1946], [1891, 2002], [1946, 2057], [2002, 2113], [2057, 2169], [2113, 2225], [2169, 2280], [2225, 2336], [2280, 2391], [2336, 2447], [2391, 2503], [2447, 2559]], [[0, 102], [51, 153], [102, 204], [153, 255], [204, 307], [255, 358], [307, 409], [358, 460], [409, 511], [460, 562], [511, 614], [562, 665], [614, 716], [665, 767], [716, 818], [767, 869], [818, 921], [869, 972], [921, 1023], [972, 1074], [1023, 1125], [1074, 1176], [1125, 1228], [1176, 1279], [1228, 1330], [1279, 1381], [1330, 1433], [1381, 1484], [1433, 1535], [1484, 1586], [1535, 1637], [1586, 1688], [1637, 1740], [1688, 1791], [1740, 1842], [1791, 1893], [1842, 1944], [1893, 1995], [1944, 2047], [1995, 2098], [2047, 2149], [2098, 2200], [2149, 2251], [2200, 2302], [2251, 2354], [2302, 2405], [2354, 2456], [2405, 2507], [2456, 2559]], [[0, 91], [45, 136], [91, 182], [136, 228], [182, 274], [228, 319], [274, 365], [319, 410], [365, 456], [410, 502], [456, 548], [502, 593], [548, 639], [593, 685], [639, 731], [685, 776], [731, 822], [776, 867], [822, 913], [867, 959], [913, 1005], [959, 1050], [1005, 1096], [1050, 1142], [1096, 1188], [1142, 1233], [1188, 1279], [1233, 1324], [1279, 1370], [1324, 1416], [1370, 1462], [1416, 1507], [1462, 1553], [1507, 1599], [1553, 1645], [1599, 1690], [1645, 1736], [1690, 1781], [1736, 1827], [1781, 1873], [1827, 1919], [1873, 1964], [1919, 2010], [1964, 2056], [2010, 2102], [2056, 2147], [2102, 2193], [2147, 2238], [2193, 2284], [2238, 2330], [2284, 2376], [2330, 2421], [2376, 2467], [2421, 2513], [2467, 2559]], [[0, 85], [42, 127], [85, 170], [127, 212], [170, 255], [212, 298], [255, 341], [298, 383], [341, 426], [383, 468], [426, 511], [468, 554], [511, 597], [554, 639], [597, 682], [639, 724], [682, 767], [724, 810], [767, 853], [810, 895], [853, 938], [895, 980], [938, 1023], [980, 1065], [1023, 1108], [1065, 1151], [1108, 1194], [1151, 1236], [1194, 1279], [1236, 1321], [1279, 1364], [1321, 1407], [1364, 1450], [1407, 1492], [1450, 1535], [1492, 1577], [1535, 1620], [1577, 1663], [1620, 1706], [1663, 1748], [1706, 1791], [1748, 1833], [1791, 1876], [1833, 1918], [1876, 1961], [1918, 2004], [1961, 2047], [2004, 2089], [2047, 2132], [2089, 2174], [2132, 2217], [2174, 2260], [2217, 2303], [2260, 2345], [2303, 2388], [2345, 2430], [2388, 2473], [2430, 2516], [2473, 2559]]]","[True, True, True, True, True, True, True]","[0.06881151886896689, 0.07140161282460487, 0.0708080511741037, 0.06862919045735345, 0.06712963413262336, 0.06917008370294131, 0.0678843637049974]",0.06911920783794157,"[0.41092437504268386, 0.4188660700788239, 0.41715776877955424, 0.49935220166527866, 0.5379458408646262, 0.5693729122899753, 0.5927919859627201]",0.4923444506690946,"[[ 0.14816542,  0.17554294,  0.18113855,  0.14704266,  0.07817714,
        0.06316856,  0.10261581,  0.14001027,  0.1454233 ,  0.19275181,
        0.13783169,  0.19353806,  0.17952388,  0.16921348,  0.15738979,
        0.0497626 ,  0.02478665,  0.00740507,  0.02371991,  0.02262757,
        0.02550623,  0.01945063,  0.01861687,  0.04282139,  0.01414018,
        0.02831853,  0.03851644, -0.00464685,  0.01321208], [ 0.1501556 ,  0.17628406,  0.17511297,  0.17392253,  0.14305641,
        0.11356549,  0.08079281,  0.08015231,  0.07449265,  0.11418968,
        0.10187031,  0.15200991,  0.15080645,  0.15796465,  0.18991006,
        0.1859437 ,  0.14903824,  0.11995514,  0.04621897,  0.06455875,
        0.02003733,  0.03354747,  0.00186414,  0.02710903,  0.0567891 ,
        0.02315772,  0.02626603,  0.0108911 ,  0.04024458, -0.00758322,
        0.01236654,  0.03023282,  0.03750884, -0.00314292,  0.01202066], [ 0.13918787,  0.16743049,  0.19380631,  0.15238705,  0.1262281 ,
        0.11289301,  0.08897804,  0.09504428,  0.03856711,  0.06081428,
        0.12398431,  0.10484156,  0.10603329,  0.15703201,  0.05748644,
        0.14558987,  0.13226646,  0.129312  ,  0.13571244,  0.11440372,
        0.08247315,  0.06715052,  0.08214472,  0.07326941,  0.01620347,
        0.02434332,  0.0128875 ,  0.03360057,  0.03340258,  0.02586521,
        0.00782821, -0.00219135, -0.00260826,  0.01494424,  0.01272911,
        0.05305463, -0.0045888 , -0.00449538,  0.00900858], [ 0.11169746,  0.18812559,  0.20297929,  0.13186098,  0.1625491 ,
        0.10438213,  0.13145422,  0.11791694,  0.10025759,  0.06300546,
        0.09513622,  0.05841568,  0.04972351,  0.10143959,  0.11883025,
        0.15472763,  0.10255225,  0.05443239,  0.16542048,  0.16041781,
        0.12124018,  0.12104197,  0.07876235,  0.07347942,  0.06943375,
        0.04734028,  0.01734588,  0.02605718,  0.02177938,  0.01617094,
        0.03729404,  0.03940242,  0.01984752,  0.02836231,  0.01522163,
       -0.00875315,  0.0123702 ,  0.05513181,  0.03607139,  0.02082439,
        0.03214282,  0.00324682,  0.04995846,  0.04097343,  0.00670981], [0.13616474, 0.1724024 , 0.19662394, 0.14933496, 0.13965275,
       0.13526645, 0.10660169, 0.07437387, 0.0874296 , 0.11705424,
       0.07755614, 0.07932755, 0.05377302, 0.03285288, 0.06692736,
       0.10787441, 0.16151409, 0.10634196, 0.0861907 , 0.12777267,
       0.16068462, 0.15534358, 0.13156745, 0.07435362, 0.05676886,
       0.07768434, 0.04479207, 0.07051759, 0.06476738, 0.04086788,
       0.0212207 , 0.01583619, 0.03724402, 0.06001611, 0.04408743,
       0.05108488, 0.03407652, 0.02779035, 0.02101354, 0.03450785,
       0.04106225, 0.00386414, 0.05276505, 0.02889905, 0.0231825 ,
       0.04608639, 0.0038585 , 0.04210756, 0.00988769], [ 0.14357663,  0.14134994,  0.20824485,  0.18639476,  0.11576514,
        0.0952496 ,  0.16905361,  0.07967623,  0.05140149,  0.07882077,
        0.11780083,  0.07792407,  0.05739379,  0.0475491 ,  0.06058718,
        0.04477051,  0.08478097,  0.11377259,  0.17517766,  0.08948215,
        0.16660259,  0.10579435,  0.14967679,  0.14246076,  0.11373324,
        0.12171407,  0.12165109,  0.04519593,  0.079645  ,  0.11291189,
        0.09002552,  0.0931035 ,  0.03323295,  0.01765481,  0.02358648,
       -0.0017958 ,  0.03996669,  0.00331935,  0.04468608,  0.03112058,
        0.03355735, -0.00772916,  0.00210603,  0.01605239,  0.01981044,
        0.05379562,  0.01739527,  0.01215378,  0.05055938,  0.02815994,
        0.02157907,  0.04276903,  0.04638852,  0.01675099,  0.01382976], [ 0.11301593,  0.17278274,  0.22865427,  0.21271055,  0.14490675,
        0.10067727,  0.09825585,  0.11041745,  0.08464956,  0.04683042,
        0.08650439,  0.11729673,  0.06317619,  0.07423019,  0.04053243,
        0.06439267,  0.04600135,  0.08069984,  0.12781701,  0.16492691,
        0.17479066,  0.12893091,  0.13714686,  0.11070036,  0.12481731,
        0.11319447,  0.11529819,  0.09304302,  0.12199863,  0.1115778 ,
        0.08033993,  0.07299895,  0.04389822,  0.05370837, -0.02841763,
        0.03849039,  0.01508673,  0.00739729,  0.00101865,  0.02269397,
        0.0333129 ,  0.03017505,  0.00950755,  0.02541684,  0.00281524,
       -0.00488649,  0.00477408,  0.0253821 ,  0.04781833,  0.02790602,
        0.02711674,  0.06259015,  0.01525046,  0.02901998,  0.02073424,
        0.01226842,  0.04241432,  0.02742886,  0.02624732]]"
