,correct after perturbations %,audio name,normalized,origConf,avgPertConf,binMethod,numBins,binEdges,overlapping,mse,mse avg,r2,r2 avg,coefs
0,"[0.20789605197401298, 0.18240879560219891, 0.17391304347826086, 0.223888055972014, 0.21489255372313842, 0.2478760619690155, 0.25687156421789104, 0.31634182908545727, 0.3373313343328336, 0.3148425787106447, 0.31584207896051975]",audio/speech_commands/cat/9f869f70_nohash_0.wav,"[20000, 20000, 20000, 20000, 20000, 20000, 20000, 20000, 20000, 20000, 20000]","[1.0, 1.0, 1.0, 1.0, 1.0, 1.0, 1.0, 1.0, 1.0, 1.0, 1.0]","[0.1946, 0.1764, 0.1707, 0.2186, 0.2058, 0.2344, 0.2507, 0.3008, 0.3184, 0.3022, 0.3013]","['EVEN', 'EVEN', 'EVEN', 'EVEN', 'EVEN', 'EVEN', 'EVEN', 'EVEN', 'EVEN', 'EVEN', 'EVEN']","[19, 25, 29, 35, 39, 45, 49, 55, 59, 65, 69]","[[(0, 255), (127, 383), (255, 511), (383, 639), (511, 767), (639, 895), (767, 1023), (895, 1151), (1023, 1279), (1151, 1407), (1279, 1535), (1407, 1663), (1535, 1791), (1663, 1919), (1791, 2047), (1919, 2175), (2047, 2303), (2175, 2431), (2303, 2559)], [(0, 196), (98, 294), (196, 393), (294, 491), (393, 590), (491, 688), (590, 787), (688, 885), (787, 984), (885, 1082), (984, 1181), (1082, 1279), (1181, 1377), (1279, 1475), (1377, 1574), (1475, 1672), (1574, 1771), (1672, 1869), (1771, 1968), (1869, 2066), (1968, 2165), (2066, 2263), (2165, 2362), (2263, 2460), (2362, 2559)], [(0, 170), (85, 255), (170, 341), (255, 426), (341, 511), (426, 596), (511, 682), (596, 767), (682, 853), (767, 938), (853, 1023), (938, 1108), (1023, 1194), (1108, 1279), (1194, 1364), (1279, 1449), (1364, 1535), (1449, 1620), (1535, 1706), (1620, 1791), (1706, 1876), (1791, 1961), (1876, 2047), (1961, 2132), (2047, 2217), (2132, 2302), (2217, 2388), (2302, 2473), (2388, 2559)], [(0, 142), (71, 213), (142, 284), (213, 355), (284, 426), (355, 497), (426, 568), (497, 639), (568, 710), (639, 781), (710, 853), (781, 924), (853, 995), (924, 1066), (995, 1137), (1066, 1208), (1137, 1279), (1208, 1350), (1279, 1421), (1350, 1492), (1421, 1563), (1492, 1634), (1563, 1706), (1634, 1777), (1706, 1848), (1777, 1919), (1848, 1990), (1919, 2061), (1990, 2132), (2061, 2203), (2132, 2274), (2203, 2345), (2274, 2416), (2345, 2487), (2416, 2559)], [(0, 127), (63, 191), (127, 255), (191, 319), (255, 383), (319, 447), (383, 511), (447, 575), (511, 639), (575, 703), (639, 767), (703, 831), (767, 895), (831, 959), (895, 1023), (959, 1087), (1023, 1151), (1087, 1215), (1151, 1279), (1215, 1343), (1279, 1407), (1343, 1471), (1407, 1535), (1471, 1599), (1535, 1663), (1599, 1727), (1663, 1791), (1727, 1855), (1791, 1919), (1855, 1983), (1919, 2047), (1983, 2111), (2047, 2175), (2111, 2239), (2175, 2303), (2239, 2367), (2303, 2431), (2367, 2495), (2431, 2559)], [(0, 111), (55, 166), (111, 222), (166, 277), (222, 333), (277, 389), (333, 445), (389, 500), (445, 556), (500, 611), (556, 667), (611, 722), (667, 778), (722, 834), (778, 890), (834, 945), (890, 1001), (945, 1056), (1001, 1112), (1056, 1167), (1112, 1223), (1167, 1279), (1223, 1335), (1279, 1390), (1335, 1446), (1390, 1501), (1446, 1557), (1501, 1612), (1557, 1668), (1612, 1724), (1668, 1780), (1724, 1835), (1780, 1891), (1835, 1946), (1891, 2002), (1946, 2057), (2002, 2113), (2057, 2169), (2113, 2225), (2169, 2280), (2225, 2336), (2280, 2391), (2336, 2447), (2391, 2503), (2447, 2559)], [(0, 102), (51, 153), (102, 204), (153, 255), (204, 307), (255, 358), (307, 409), (358, 460), (409, 511), (460, 562), (511, 614), (562, 665), (614, 716), (665, 767), (716, 818), (767, 869), (818, 921), (869, 972), (921, 1023), (972, 1074), (1023, 1125), (1074, 1176), (1125, 1228), (1176, 1279), (1228, 1330), (1279, 1381), (1330, 1433), (1381, 1484), (1433, 1535), (1484, 1586), (1535, 1637), (1586, 1688), (1637, 1740), (1688, 1791), (1740, 1842), (1791, 1893), (1842, 1944), (1893, 1995), (1944, 2047), (1995, 2098), (2047, 2149), (2098, 2200), (2149, 2251), (2200, 2302), (2251, 2354), (2302, 2405), (2354, 2456), (2405, 2507), (2456, 2559)], [(0, 91), (45, 136), (91, 182), (136, 228), (182, 274), (228, 319), (274, 365), (319, 410), (365, 456), (410, 502), (456, 548), (502, 593), (548, 639), (593, 685), (639, 731), (685, 776), (731, 822), (776, 867), (822, 913), (867, 959), (913, 1005), (959, 1050), (1005, 1096), (1050, 1142), (1096, 1188), (1142, 1233), (1188, 1279), (1233, 1324), (1279, 1370), (1324, 1416), (1370, 1462), (1416, 1507), (1462, 1553), (1507, 1599), (1553, 1645), (1599, 1690), (1645, 1736), (1690, 1781), (1736, 1827), (1781, 1873), (1827, 1919), (1873, 1964), (1919, 2010), (1964, 2056), (2010, 2102), (2056, 2147), (2102, 2193), (2147, 2238), (2193, 2284), (2238, 2330), (2284, 2376), (2330, 2421), (2376, 2467), (2421, 2513), (2467, 2559)], [(0, 85), (42, 127), (85, 170), (127, 212), (170, 255), (212, 298), (255, 341), (298, 383), (341, 426), (383, 468), (426, 511), (468, 554), (511, 597), (554, 639), (597, 682), (639, 724), (682, 767), (724, 810), (767, 853), (810, 895), (853, 938), (895, 980), (938, 1023), (980, 1065), (1023, 1108), (1065, 1151), (1108, 1194), (1151, 1236), (1194, 1279), (1236, 1321), (1279, 1364), (1321, 1407), (1364, 1450), (1407, 1492), (1450, 1535), (1492, 1577), (1535, 1620), (1577, 1663), (1620, 1706), (1663, 1748), (1706, 1791), (1748, 1833), (1791, 1876), (1833, 1918), (1876, 1961), (1918, 2004), (1961, 2047), (2004, 2089), (2047, 2132), (2089, 2174), (2132, 2217), (2174, 2260), (2217, 2303), (2260, 2345), (2303, 2388), (2345, 2430), (2388, 2473), (2430, 2516), (2473, 2559)], [(0, 77), (38, 116), (77, 155), (116, 193), (155, 232), (193, 271), (232, 310), (271, 348), (310, 387), (348, 426), (387, 465), (426, 503), (465, 542), (503, 581), (542, 620), (581, 658), (620, 697), (658, 736), (697, 775), (736, 814), (775, 853), (814, 891), (853, 930), (891, 969), (930, 1008), (969, 1046), (1008, 1085), (1046, 1124), (1085, 1163), (1124, 1201), (1163, 1240), (1201, 1279), (1240, 1318), (1279, 1356), (1318, 1395), (1356, 1434), (1395, 1473), (1434, 1511), (1473, 1550), (1511, 1589), (1550, 1628), (1589, 1667), (1628, 1706), (1667, 1744), (1706, 1783), (1744, 1822), (1783, 1861), (1822, 1899), (1861, 1938), (1899, 1977), (1938, 2016), (1977, 2054), (2016, 2093), (2054, 2132), (2093, 2171), (2132, 2209), (2171, 2248), (2209, 2287), (2248, 2326), (2287, 2364), (2326, 2403), (2364, 2442), (2403, 2481), (2442, 2520), (2481, 2559)], [(0, 73), (36, 109), (73, 146), (109, 182), (146, 219), (182, 255), (219, 292), (255, 328), (292, 365), (328, 401), (365, 438), (401, 474), (438, 511), (474, 547), (511, 584), (547, 621), (584, 658), (621, 694), (658, 731), (694, 767), (731, 804), (767, 840), (804, 877), (840, 913), (877, 950), (913, 986), (950, 1023), (986, 1059), (1023, 1096), (1059, 1132), (1096, 1169), (1132, 1205), (1169, 1242), (1205, 1279), (1242, 1316), (1279, 1352), (1316, 1389), (1352, 1425), (1389, 1462), (1425, 1498), (1462, 1535), (1498, 1571), (1535, 1608), (1571, 1644), (1608, 1681), (1644, 1717), (1681, 1754), (1717, 1790), (1754, 1827), (1790, 1863), (1827, 1900), (1863, 1937), (1900, 1974), (1937, 2010), (1974, 2047), (2010, 2083), (2047, 2120), (2083, 2156), (2120, 2193), (2156, 2229), (2193, 2266), (2229, 2302), (2266, 2339), (2302, 2375), (2339, 2412), (2375, 2448), (2412, 2485), (2448, 2522), (2485, 2559)]]","[True, True, True, True, True, True, True, True, True, True, True]","[0.0800400059092551, 0.0912330918620412, 0.0920081084403247, 0.09520991394156708, 0.09140367596364185, 0.09217480577671867, 0.09120304475545098, 0.08734114035870313, 0.0830330112254784, 0.08923052486696904, 0.09213640368030142]",0.0895467024345865,"[0.557198464621901, 0.47261896669444536, 0.457586267720273, 0.49911670373396694, 0.5056881120303773, 0.5224745562794503, 0.5499110827878156, 0.5949097121666287, 0.6090411275580432, 0.5874106647834849, 0.5727494550927814]",0.5389731921335607,"[[ 0.3848481 ,  0.36568137,  0.35826341,  0.3624148 ,  0.30819135,
        0.35353509,  0.37706878,  0.37071665,  0.35640594,  0.24593568,
        0.15557333,  0.09907761, -0.00479345,  0.01065451,  0.02189174,
        0.0183244 ,  0.04632032,  0.04319993, -0.00913991], [0.28222233, 0.2684945 , 0.26237778, 0.19269194, 0.25370704,
       0.01768958, 0.21349275, 0.20555139, 0.27453975, 0.28593675,
       0.30392871, 0.29065126, 0.05770197, 0.06724908, 0.04410261,
       0.02430848, 0.04203056, 0.03848306, 0.02745291, 0.01892003,
       0.01737777, 0.00630799, 0.07049635, 0.01454823, 0.00232327], [ 0.20795423,  0.24543634,  0.24769951,  0.19868105,  0.14371289,
        0.21770484,  0.02352088,  0.18729549,  0.18839374,  0.23780126,
        0.25398963,  0.2207599 ,  0.24015075,  0.22168742,  0.06513414,
        0.08107666,  0.04454792,  0.05966275,  0.0017142 ,  0.00277901,
       -0.06272426,  0.02171702,  0.06151512,  0.00026146,  0.03216845,
       -0.00823842,  0.01499819, -0.04108214, -0.00898758], [0.25497895, 0.25165395, 0.16935071, 0.1448805 , 0.14627982,
       0.10918408, 0.24697199, 0.10467186, 0.09958894, 0.22473648,
       0.23075585, 0.16749234, 0.2958985 , 0.25608076, 0.28411928,
       0.23673971, 0.122272  , 0.09417567, 0.09071183, 0.06875663,
       0.0131159 , 0.07713585, 0.02127176, 0.0265755 , 0.03890275,
       0.02487832, 0.02362127, 0.0388132 , 0.01378846, 0.04146096,
       0.06182193, 0.04450991, 0.03571169, 0.01254594, 0.00852608], [ 0.18853899,  0.27924781,  0.27219165,  0.26918743,  0.12059146,
        0.10035022,  0.1046703 ,  0.21655415,  0.07972113,  0.17663438,
        0.24926387,  0.21269648,  0.14893844,  0.16013754,  0.15930292,
        0.14058277,  0.21863097,  0.21052618,  0.11614145,  0.07626177,
        0.06904691,  0.08029562,  0.04001194,  0.07071312,  0.04472207,
        0.02760563,  0.02696549, -0.03504332,  0.01716468, -0.00228138,
        0.03203549,  0.011227  ,  0.0326945 ,  0.02012459,  0.02009455,
        0.05262497,  0.04416953,  0.03560174,  0.07814201], [ 0.19607227,  0.260299  ,  0.27670878,  0.1972962 ,  0.09849701,
        0.16615853,  0.08511106,  0.09019543,  0.24045745,  0.12715309,
       -0.0184614 ,  0.09465332,  0.20410429,  0.22905218,  0.06017832,
        0.12549612,  0.11806186,  0.14624557,  0.18977912,  0.25553342,
        0.14875898,  0.0942344 ,  0.01330582,  0.0550407 ,  0.05242224,
        0.01766951,  0.02815469,  0.06464858,  0.06691923,  0.00368923,
        0.01338859, -0.0060731 , -0.02241759,  0.00042914,  0.00648166,
        0.08357136,  0.02770533,  0.04163631, -0.00524802,  0.01746968,
       -0.00419836,  0.02980981,  0.00902163,  0.02285565,  0.01557937], [ 0.23670934,  0.2608866 ,  0.09998831,  0.18695855,  0.1672286 ,
        0.10193846,  0.11255939,  0.03396639,  0.10137566,  0.24812305,
        0.16764824,  0.02312342,  0.06324813,  0.20900415,  0.22210319,
        0.11905579,  0.09973231,  0.12372973,  0.11228294,  0.12198051,
        0.20538627,  0.22878051,  0.09001674,  0.0844842 ,  0.05962909,
        0.07119887,  0.02028686,  0.04037148,  0.01745172,  0.01609183,
        0.07033756,  0.00958846,  0.03853999,  0.00763259,  0.02017533,
        0.01827092, -0.01905533,  0.04675226,  0.049418  ,  0.01592249,
        0.02589517,  0.04005314,  0.05544283,  0.02020673,  0.04838688,
        0.04245487,  0.05237211,  0.01080643,  0.0321708 ], [ 0.29188626,  0.19606274,  0.27470956,  0.24738566,  0.16429949,
        0.0703524 ,  0.13895186,  0.0617422 ,  0.07958485,  0.10897247,
        0.20527855,  0.12095181,  0.05050498,  0.14510891,  0.14542397,
        0.19485228,  0.2034088 ,  0.13585156,  0.08340541,  0.13702258,
        0.12706075,  0.07182818,  0.1145264 ,  0.25052701,  0.19957004,
        0.05737473,  0.08027394,  0.04726936,  0.07575825,  0.03342971,
        0.00632719,  0.02971267,  0.00825109,  0.0841695 ,  0.02225605,
        0.0084437 ,  0.06011065,  0.05720171, -0.00049698,  0.00906513,
       -0.00714096, -0.01165209, -0.01414871,  0.0211357 ,  0.01201254,
        0.02816059, -0.01162903, -0.00136762,  0.02972132,  0.00198283,
        0.04302021,  0.02605557, -0.01943138,  0.03381885,  0.05285406], [ 0.26956574,  0.1311147 ,  0.1677599 ,  0.14731424,  0.12527329,
        0.11201277,  0.10201276,  0.07297853,  0.12033062,  0.08950781,
        0.08634108,  0.30840707,  0.13797871, -0.00635836,  0.10471587,
        0.06925298,  0.21622681,  0.23945571,  0.16653841,  0.07164924,
        0.10654783,  0.11470074,  0.11276949,  0.12857077,  0.16698854,
        0.19182299,  0.22104447,  0.10296731,  0.09731772,  0.07419928,
        0.04447595,  0.02358743,  0.0763552 ,  0.04344416,  0.00148313,
        0.06401223,  0.0744013 ,  0.00429095,  0.01298273,  0.01749008,
        0.01288898,  0.01750716, -0.00289038,  0.01534757, -0.00818365,
        0.02337362,  0.02192979,  0.00083842,  0.01518813,  0.0100492 ,
       -0.0054136 ,  0.06230456,  0.04442829,  0.0626638 ,  0.03809216,
        0.00268554, -0.0124528 ,  0.02208146, -0.01665391], [ 0.20803666,  0.10995699,  0.10230344,  0.15533749,  0.13284891,
        0.1730335 ,  0.0644337 ,  0.09323915,  0.02483681,  0.10929692,
        0.04647293,  0.08007416,  0.17179795,  0.16702422,  0.23520265,
        0.00789282,  0.19915733,  0.05857089,  0.21009421,  0.20377669,
        0.08735493,  0.06616427,  0.09397121,  0.10356895,  0.11937938,
        0.09152828,  0.13841377,  0.23099983,  0.12355706,  0.14563728,
        0.05961988,  0.08490412,  0.0429003 ,  0.01880785,  0.02596929,
        0.06965544,  0.05523164,  0.07286588,  0.04544705,  0.03656167,
        0.02775919,  0.0041089 ,  0.01251366, -0.02153226,  0.0140673 ,
        0.01447754, -0.02158022, -0.00970927,  0.00912858, -0.0115111 ,
       -0.00556956,  0.01411627, -0.02353677, -0.01036122,  0.06506013,
        0.0594232 ,  0.03168672,  0.01368693,  0.02271911,  0.00412993,
       -0.02589395,  0.02224396,  0.0579845 ,  0.05815431,  0.01417914], [ 0.22954053,  0.13541808,  0.07770844,  0.22115749,  0.09206134,
        0.15419548,  0.02608435,  0.06621861,  0.04158831, -0.01068823,
        0.05098744,  0.03344421,  0.06763121,  0.27249328,  0.15520456,
        0.25401645,  0.06799896,  0.22562084,  0.09441661,  0.14581601,
        0.18980231,  0.05064858,  0.10481408,  0.02872773,  0.10156004,
        0.13406303,  0.1097209 ,  0.11108825,  0.11262922,  0.1570042 ,
        0.14624292,  0.10950685,  0.1172145 ,  0.04806223,  0.05419223,
        0.01822348,  0.02606629,  0.03435375,  0.03604636,  0.03765463,
       -0.00274099,  0.03162027,  0.04890669, -0.00077734, -0.03484729,
        0.01955369,  0.01817908,  0.02357667, -0.00726641,  0.00908969,
       -0.01359293,  0.03249324, -0.0049708 , -0.03309755,  0.04539965,
       -0.0225421 ,  0.0185376 , -0.01863774,  0.05510377,  0.01475504,
       -0.03023579, -0.00748903,  0.03931047,  0.07227488,  0.00985949,
        0.04268424,  0.00214993, -0.01621709,  0.00552949]]"
1,"[0.14642678660669664, 0.11944027986006997, 0.15342328835582209, 0.15642178910544727, 0.15892053973013492, 0.17991004497751126, 0.20589705147426288, 0.23388305847076463, 0.2683658170914543, 0.2638680659670165, 0.28085957021489255]",audio/speech_commands/cat/f618568f_nohash_0.wav,"[20000, 20000, 20000, 20000, 20000, 20000, 20000, 20000, 20000, 20000, 20000]","[1.0, 1.0, 1.0, 1.0, 1.0, 1.0, 1.0, 1.0, 1.0, 1.0, 1.0]","[0.1381, 0.11664, 0.1475, 0.1523, 0.1539, 0.1755, 0.1993, 0.223, 0.256, 0.2522, 0.2693]","['EVEN', 'EVEN', 'EVEN', 'EVEN', 'EVEN', 'EVEN', 'EVEN', 'EVEN', 'EVEN', 'EVEN', 'EVEN']","[19, 25, 29, 35, 39, 45, 49, 55, 59, 65, 69]","[[(0, 255), (127, 383), (255, 511), (383, 639), (511, 767), (639, 895), (767, 1023), (895, 1151), (1023, 1279), (1151, 1407), (1279, 1535), (1407, 1663), (1535, 1791), (1663, 1919), (1791, 2047), (1919, 2175), (2047, 2303), (2175, 2431), (2303, 2559)], [(0, 196), (98, 294), (196, 393), (294, 491), (393, 590), (491, 688), (590, 787), (688, 885), (787, 984), (885, 1082), (984, 1181), (1082, 1279), (1181, 1377), (1279, 1475), (1377, 1574), (1475, 1672), (1574, 1771), (1672, 1869), (1771, 1968), (1869, 2066), (1968, 2165), (2066, 2263), (2165, 2362), (2263, 2460), (2362, 2559)], [(0, 170), (85, 255), (170, 341), (255, 426), (341, 511), (426, 596), (511, 682), (596, 767), (682, 853), (767, 938), (853, 1023), (938, 1108), (1023, 1194), (1108, 1279), (1194, 1364), (1279, 1449), (1364, 1535), (1449, 1620), (1535, 1706), (1620, 1791), (1706, 1876), (1791, 1961), (1876, 2047), (1961, 2132), (2047, 2217), (2132, 2302), (2217, 2388), (2302, 2473), (2388, 2559)], [(0, 142), (71, 213), (142, 284), (213, 355), (284, 426), (355, 497), (426, 568), (497, 639), (568, 710), (639, 781), (710, 853), (781, 924), (853, 995), (924, 1066), (995, 1137), (1066, 1208), (1137, 1279), (1208, 1350), (1279, 1421), (1350, 1492), (1421, 1563), (1492, 1634), (1563, 1706), (1634, 1777), (1706, 1848), (1777, 1919), (1848, 1990), (1919, 2061), (1990, 2132), (2061, 2203), (2132, 2274), (2203, 2345), (2274, 2416), (2345, 2487), (2416, 2559)], [(0, 127), (63, 191), (127, 255), (191, 319), (255, 383), (319, 447), (383, 511), (447, 575), (511, 639), (575, 703), (639, 767), (703, 831), (767, 895), (831, 959), (895, 1023), (959, 1087), (1023, 1151), (1087, 1215), (1151, 1279), (1215, 1343), (1279, 1407), (1343, 1471), (1407, 1535), (1471, 1599), (1535, 1663), (1599, 1727), (1663, 1791), (1727, 1855), (1791, 1919), (1855, 1983), (1919, 2047), (1983, 2111), (2047, 2175), (2111, 2239), (2175, 2303), (2239, 2367), (2303, 2431), (2367, 2495), (2431, 2559)], [(0, 111), (55, 166), (111, 222), (166, 277), (222, 333), (277, 389), (333, 445), (389, 500), (445, 556), (500, 611), (556, 667), (611, 722), (667, 778), (722, 834), (778, 890), (834, 945), (890, 1001), (945, 1056), (1001, 1112), (1056, 1167), (1112, 1223), (1167, 1279), (1223, 1335), (1279, 1390), (1335, 1446), (1390, 1501), (1446, 1557), (1501, 1612), (1557, 1668), (1612, 1724), (1668, 1780), (1724, 1835), (1780, 1891), (1835, 1946), (1891, 2002), (1946, 2057), (2002, 2113), (2057, 2169), (2113, 2225), (2169, 2280), (2225, 2336), (2280, 2391), (2336, 2447), (2391, 2503), (2447, 2559)], [(0, 102), (51, 153), (102, 204), (153, 255), (204, 307), (255, 358), (307, 409), (358, 460), (409, 511), (460, 562), (511, 614), (562, 665), (614, 716), (665, 767), (716, 818), (767, 869), (818, 921), (869, 972), (921, 1023), (972, 1074), (1023, 1125), (1074, 1176), (1125, 1228), (1176, 1279), (1228, 1330), (1279, 1381), (1330, 1433), (1381, 1484), (1433, 1535), (1484, 1586), (1535, 1637), (1586, 1688), (1637, 1740), (1688, 1791), (1740, 1842), (1791, 1893), (1842, 1944), (1893, 1995), (1944, 2047), (1995, 2098), (2047, 2149), (2098, 2200), (2149, 2251), (2200, 2302), (2251, 2354), (2302, 2405), (2354, 2456), (2405, 2507), (2456, 2559)], [(0, 91), (45, 136), (91, 182), (136, 228), (182, 274), (228, 319), (274, 365), (319, 410), (365, 456), (410, 502), (456, 548), (502, 593), (548, 639), (593, 685), (639, 731), (685, 776), (731, 822), (776, 867), (822, 913), (867, 959), (913, 1005), (959, 1050), (1005, 1096), (1050, 1142), (1096, 1188), (1142, 1233), (1188, 1279), (1233, 1324), (1279, 1370), (1324, 1416), (1370, 1462), (1416, 1507), (1462, 1553), (1507, 1599), (1553, 1645), (1599, 1690), (1645, 1736), (1690, 1781), (1736, 1827), (1781, 1873), (1827, 1919), (1873, 1964), (1919, 2010), (1964, 2056), (2010, 2102), (2056, 2147), (2102, 2193), (2147, 2238), (2193, 2284), (2238, 2330), (2284, 2376), (2330, 2421), (2376, 2467), (2421, 2513), (2467, 2559)], [(0, 85), (42, 127), (85, 170), (127, 212), (170, 255), (212, 298), (255, 341), (298, 383), (341, 426), (383, 468), (426, 511), (468, 554), (511, 597), (554, 639), (597, 682), (639, 724), (682, 767), (724, 810), (767, 853), (810, 895), (853, 938), (895, 980), (938, 1023), (980, 1065), (1023, 1108), (1065, 1151), (1108, 1194), (1151, 1236), (1194, 1279), (1236, 1321), (1279, 1364), (1321, 1407), (1364, 1450), (1407, 1492), (1450, 1535), (1492, 1577), (1535, 1620), (1577, 1663), (1620, 1706), (1663, 1748), (1706, 1791), (1748, 1833), (1791, 1876), (1833, 1918), (1876, 1961), (1918, 2004), (1961, 2047), (2004, 2089), (2047, 2132), (2089, 2174), (2132, 2217), (2174, 2260), (2217, 2303), (2260, 2345), (2303, 2388), (2345, 2430), (2388, 2473), (2430, 2516), (2473, 2559)], [(0, 77), (38, 116), (77, 155), (116, 193), (155, 232), (193, 271), (232, 310), (271, 348), (310, 387), (348, 426), (387, 465), (426, 503), (465, 542), (503, 581), (542, 620), (581, 658), (620, 697), (658, 736), (697, 775), (736, 814), (775, 853), (814, 891), (853, 930), (891, 969), (930, 1008), (969, 1046), (1008, 1085), (1046, 1124), (1085, 1163), (1124, 1201), (1163, 1240), (1201, 1279), (1240, 1318), (1279, 1356), (1318, 1395), (1356, 1434), (1395, 1473), (1434, 1511), (1473, 1550), (1511, 1589), (1550, 1628), (1589, 1667), (1628, 1706), (1667, 1744), (1706, 1783), (1744, 1822), (1783, 1861), (1822, 1899), (1861, 1938), (1899, 1977), (1938, 2016), (1977, 2054), (2016, 2093), (2054, 2132), (2093, 2171), (2132, 2209), (2171, 2248), (2209, 2287), (2248, 2326), (2287, 2364), (2326, 2403), (2364, 2442), (2403, 2481), (2442, 2520), (2481, 2559)], [(0, 73), (36, 109), (73, 146), (109, 182), (146, 219), (182, 255), (219, 292), (255, 328), (292, 365), (328, 401), (365, 438), (401, 474), (438, 511), (474, 547), (511, 584), (547, 621), (584, 658), (621, 694), (658, 731), (694, 767), (731, 804), (767, 840), (804, 877), (840, 913), (877, 950), (913, 986), (950, 1023), (986, 1059), (1023, 1096), (1059, 1132), (1096, 1169), (1132, 1205), (1169, 1242), (1205, 1279), (1242, 1316), (1279, 1352), (1316, 1389), (1352, 1425), (1389, 1462), (1425, 1498), (1462, 1535), (1498, 1571), (1535, 1608), (1571, 1644), (1608, 1681), (1644, 1717), (1681, 1754), (1717, 1790), (1754, 1827), (1790, 1863), (1827, 1900), (1863, 1937), (1900, 1974), (1937, 2010), (1974, 2047), (2010, 2083), (2047, 2120), (2083, 2156), (2120, 2193), (2156, 2229), (2193, 2266), (2229, 2302), (2266, 2339), (2302, 2375), (2339, 2412), (2375, 2448), (2412, 2485), (2448, 2522), (2485, 2559)]]","[True, True, True, True, True, True, True, True, True, True, True]","[0.075040106950527, 0.07220267943500694, 0.0820234211924777, 0.08353627374328433, 0.08589397652308108, 0.08665987567244829, 0.08568088546192054, 0.08501267959015794, 0.08583808421701136, 0.08041701798540177, 0.08394017741308371]",0.08238592528949096,"[0.39999027993823294, 0.33929924116028887, 0.3938942142223866, 0.3991748566507767, 0.38153612013952565, 0.4373351427211487, 0.48595867497554446, 0.5180283810183552, 0.5496057481600909, 0.5722006876656603, 0.5757662763575507]",0.4593445111826874,"[[0.24133978, 0.24364881, 0.2347856 , 0.23960547, 0.22141306,
       0.25495568, 0.25059128, 0.23298591, 0.22276068, 0.25810803,
       0.11011262, 0.11766664, 0.16674688, 0.07630799, 0.05020133,
       0.01760825, 0.0313835 , 0.07744427, 0.03351942], [0.16567521, 0.16258719, 0.15567007, 0.1413699 , 0.09890504,
       0.11000345, 0.17317687, 0.15310603, 0.16871615, 0.15256541,
       0.15144879, 0.16340661, 0.1416719 , 0.08368407, 0.0662409 ,
       0.06946484, 0.04484035, 0.03713463, 0.08460692, 0.02721925,
       0.03912322, 0.03811109, 0.04105919, 0.00843556, 0.00420942], [0.16521675, 0.16857942, 0.15573758, 0.18482422, 0.17677353,
       0.16605312, 0.10247394, 0.17880704, 0.12466588, 0.18030696,
       0.1460403 , 0.1595165 , 0.17709913, 0.10086217, 0.08341289,
       0.05112325, 0.07286972, 0.09604267, 0.05211467, 0.08677234,
       0.06632388, 0.05305379, 0.02291903, 0.0192971 , 0.03896244,
       0.05015965, 0.05636336, 0.01752208, 0.02288161], [0.13794735, 0.14871584, 0.14307514, 0.15539381, 0.12919648,
       0.17404133, 0.12042539, 0.06553175, 0.16531502, 0.18344159,
       0.09254365, 0.11708708, 0.16754047, 0.14493424, 0.16630379,
       0.16456088, 0.0687249 , 0.05785143, 0.05848304, 0.03506151,
       0.04671709, 0.06044551, 0.05246219, 0.0767345 , 0.07743291,
       0.06437763, 0.03558393, 0.02777074, 0.04911256, 0.05003959,
       0.03206884, 0.06997478, 0.03194305, 0.03766596, 0.03789589], [0.16657107, 0.15301203, 0.1685804 , 0.14530845, 0.15459277,
       0.16509216, 0.09768721, 0.1747004 , 0.07059507, 0.15967125,
       0.08209201, 0.07427175, 0.05498729, 0.10591056, 0.17367787,
       0.17213581, 0.12900068, 0.08424766, 0.06366794, 0.05323031,
       0.02368825, 0.05377341, 0.05707282, 0.05560288, 0.06207264,
       0.04542178, 0.02650893, 0.04522703, 0.05388244, 0.03190215,
       0.03425049, 0.04518276, 0.03248359, 0.02929132, 0.0335246 ,
       0.03773592, 0.05174296, 0.01060881, 0.03954838], [0.13702088, 0.16808096, 0.15946679, 0.15544886, 0.15746792,
       0.14780332, 0.17917472, 0.08270587, 0.13600528, 0.11396314,
       0.03823612, 0.15676261, 0.07963708, 0.07466929, 0.06792515,
       0.09098485, 0.08993652, 0.09364247, 0.1273973 , 0.0590634 ,
       0.05503032, 0.08589129, 0.04608115, 0.01133613, 0.07037882,
       0.0522609 , 0.0339853 , 0.03875101, 0.04013888, 0.06720349,
       0.0617304 , 0.04288708, 0.05321724, 0.04867195, 0.04866683,
       0.01999689, 0.0817186 , 0.03385658, 0.02350704, 0.04146724,
       0.04019374, 0.03491914, 0.01476059, 0.06376747, 0.01697539], [0.16168864, 0.13477465, 0.16880242, 0.12213236, 0.12850442,
       0.10518572, 0.15155234, 0.16779595, 0.13037749, 0.1465112 ,
       0.08936179, 0.10175112, 0.10135851, 0.0999293 , 0.06837264,
       0.07532412, 0.07558998, 0.09907176, 0.11329536, 0.13782928,
       0.09514268, 0.07391285, 0.05514439, 0.08257572, 0.03599858,
       0.04337933, 0.08422494, 0.04889117, 0.03387488, 0.04534332,
       0.06410771, 0.07543391, 0.04707445, 0.03798631, 0.06105835,
       0.0308797 , 0.03657947, 0.02189214, 0.04014979, 0.01510391,
       0.05139786, 0.03352062, 0.06616822, 0.05484581, 0.02476118,
       0.03526929, 0.02426813, 0.05584747, 0.03646579], [0.19770619, 0.15905268, 0.15213508, 0.17782937, 0.15812483,
       0.10700956, 0.125237  , 0.14280177, 0.12882627, 0.09460063,
       0.10244746, 0.09814302, 0.03213285, 0.09642551, 0.05824154,
       0.0502881 , 0.09612077, 0.07621225, 0.11399915, 0.10166083,
       0.13746215, 0.07276848, 0.11795586, 0.13170813, 0.07798457,
       0.07242022, 0.12057476, 0.07590579, 0.06429142, 0.06228873,
       0.07025432, 0.00811503, 0.02971961, 0.05479417, 0.00536841,
       0.05230979, 0.04788981, 0.04190518, 0.05936035, 0.07848356,
       0.0374838 , 0.01795239, 0.07669083, 0.03815052, 0.05108951,
       0.06190376, 0.03892789, 0.04843815, 0.04510394, 0.04823486,
       0.03566442, 0.02853819, 0.02794449, 0.01201767, 0.03557693], [ 0.15740803,  0.21427463,  0.13814772,  0.18032537,  0.18674025,
        0.16380313,  0.06522871,  0.10303686,  0.186302  ,  0.10986127,
        0.11153524,  0.12810691,  0.0698887 ,  0.02816873,  0.08662852,
        0.0798839 ,  0.09098554,  0.06349427,  0.07748346,  0.06656799,
        0.09628276,  0.14055135,  0.12252287,  0.11341784,  0.13390047,
        0.07393608,  0.07164299,  0.02897041,  0.04758113,  0.03756786,
        0.04038054,  0.05577852,  0.09145463,  0.05699189,  0.01001535,
        0.04110805,  0.05828587,  0.08760037,  0.0282231 ,  0.06540572,
        0.04275846,  0.09341825,  0.06314464,  0.03468939,  0.0419115 ,
        0.02367732,  0.06611685,  0.00161933,  0.02332509,  0.04741529,
        0.04244719,  0.03726584,  0.04694194,  0.0315161 ,  0.01869779,
        0.04101511, -0.00106179,  0.03942108,  0.03557385], [ 0.14615843,  0.13309353,  0.08813714,  0.18632516,  0.12767864,
        0.11504743,  0.1009883 ,  0.095464  ,  0.08219805,  0.1344809 ,
        0.12212382,  0.13687018,  0.13494482,  0.05480164,  0.08861844,
        0.02478528,  0.0638076 ,  0.08942376,  0.0783272 ,  0.06371309,
        0.07280905,  0.09662421,  0.10002112,  0.13953838,  0.07718937,
        0.10491459,  0.14045737,  0.14800395,  0.08681792,  0.09332376,
        0.05224504,  0.04358564,  0.03549849,  0.03581894,  0.04114818,
        0.03289664,  0.03144702,  0.02241499,  0.02677335,  0.00560746,
        0.02941503,  0.06497376,  0.06068913,  0.03495378,  0.04054877,
        0.06906378,  0.0473894 ,  0.03241553,  0.06613893, -0.0018075 ,
       -0.00821141,  0.03611477,  0.03949043,  0.00815366,  0.02545913,
        0.06323045,  0.02264806,  0.06797067,  0.02960904,  0.02067927,
        0.0338934 ,  0.02998165,  0.02502367,  0.01498486,  0.0438568 ], [ 0.07120589,  0.19955359,  0.06197529,  0.18050518,  0.20544186,
        0.10313124,  0.1278952 ,  0.05023641,  0.07015243,  0.10462172,
        0.09906706,  0.1187404 ,  0.1070669 ,  0.12798045,  0.08887045,
        0.05147365, -0.00633162,  0.05515496,  0.08107235,  0.01911163,
        0.04023105,  0.08336507,  0.10143898,  0.0951095 ,  0.13077893,
        0.13504123,  0.06767921,  0.10399647,  0.12929997,  0.08669896,
        0.1239121 ,  0.04612945,  0.07253487,  0.05443992,  0.05802926,
        0.0231756 ,  0.00538839,  0.06581871,  0.08396409,  0.03447174,
        0.00372364,  0.049163  ,  0.05552147,  0.06960482,  0.0331266 ,
        0.04029381,  0.0762518 ,  0.01578498,  0.04424606,  0.00917426,
        0.04869719,  0.03791958,  0.03996297,  0.01132336, -0.0154479 ,
        0.00493559,  0.04538182,  0.0168594 ,  0.00041438,  0.04090273,
        0.01749869,  0.07436286,  0.04935885,  0.02535079,  0.03767125,
        0.02429063,  0.04903527,  0.0198438 ,  0.05169012]]"
2,"[0.392303848075962, 0.4512743628185907, 0.47176411794102946, 0.5452273863068465, 0.5377311344327836, 0.5382308845577212, 0.5712143928035982, 0.6186906546726637, 0.6271864067966016, 0.6681659170414792, 0.6736631684157921]",audio/speech_commands/cat/e9a76b2f_nohash_0.wav,"[20000, 20000, 20000, 20000, 20000, 20000, 20000, 20000, 20000, 20000, 20000]","[1.0, 1.0, 1.0, 1.0, 1.0, 1.0, 1.0, 1.0, 1.0, 1.0, 1.0]","[0.377, 0.425, 0.4429, 0.515, 0.5083, 0.4995, 0.544, 0.584, 0.5967, 0.638, 0.643]","['EVEN', 'EVEN', 'EVEN', 'EVEN', 'EVEN', 'EVEN', 'EVEN', 'EVEN', 'EVEN', 'EVEN', 'EVEN']","[19, 25, 29, 35, 39, 45, 49, 55, 59, 65, 69]","[[(0, 255), (127, 383), (255, 511), (383, 639), (511, 767), (639, 895), (767, 1023), (895, 1151), (1023, 1279), (1151, 1407), (1279, 1535), (1407, 1663), (1535, 1791), (1663, 1919), (1791, 2047), (1919, 2175), (2047, 2303), (2175, 2431), (2303, 2559)], [(0, 196), (98, 294), (196, 393), (294, 491), (393, 590), (491, 688), (590, 787), (688, 885), (787, 984), (885, 1082), (984, 1181), (1082, 1279), (1181, 1377), (1279, 1475), (1377, 1574), (1475, 1672), (1574, 1771), (1672, 1869), (1771, 1968), (1869, 2066), (1968, 2165), (2066, 2263), (2165, 2362), (2263, 2460), (2362, 2559)], [(0, 170), (85, 255), (170, 341), (255, 426), (341, 511), (426, 596), (511, 682), (596, 767), (682, 853), (767, 938), (853, 1023), (938, 1108), (1023, 1194), (1108, 1279), (1194, 1364), (1279, 1449), (1364, 1535), (1449, 1620), (1535, 1706), (1620, 1791), (1706, 1876), (1791, 1961), (1876, 2047), (1961, 2132), (2047, 2217), (2132, 2302), (2217, 2388), (2302, 2473), (2388, 2559)], [(0, 142), (71, 213), (142, 284), (213, 355), (284, 426), (355, 497), (426, 568), (497, 639), (568, 710), (639, 781), (710, 853), (781, 924), (853, 995), (924, 1066), (995, 1137), (1066, 1208), (1137, 1279), (1208, 1350), (1279, 1421), (1350, 1492), (1421, 1563), (1492, 1634), (1563, 1706), (1634, 1777), (1706, 1848), (1777, 1919), (1848, 1990), (1919, 2061), (1990, 2132), (2061, 2203), (2132, 2274), (2203, 2345), (2274, 2416), (2345, 2487), (2416, 2559)], [(0, 127), (63, 191), (127, 255), (191, 319), (255, 383), (319, 447), (383, 511), (447, 575), (511, 639), (575, 703), (639, 767), (703, 831), (767, 895), (831, 959), (895, 1023), (959, 1087), (1023, 1151), (1087, 1215), (1151, 1279), (1215, 1343), (1279, 1407), (1343, 1471), (1407, 1535), (1471, 1599), (1535, 1663), (1599, 1727), (1663, 1791), (1727, 1855), (1791, 1919), (1855, 1983), (1919, 2047), (1983, 2111), (2047, 2175), (2111, 2239), (2175, 2303), (2239, 2367), (2303, 2431), (2367, 2495), (2431, 2559)], [(0, 111), (55, 166), (111, 222), (166, 277), (222, 333), (277, 389), (333, 445), (389, 500), (445, 556), (500, 611), (556, 667), (611, 722), (667, 778), (722, 834), (778, 890), (834, 945), (890, 1001), (945, 1056), (1001, 1112), (1056, 1167), (1112, 1223), (1167, 1279), (1223, 1335), (1279, 1390), (1335, 1446), (1390, 1501), (1446, 1557), (1501, 1612), (1557, 1668), (1612, 1724), (1668, 1780), (1724, 1835), (1780, 1891), (1835, 1946), (1891, 2002), (1946, 2057), (2002, 2113), (2057, 2169), (2113, 2225), (2169, 2280), (2225, 2336), (2280, 2391), (2336, 2447), (2391, 2503), (2447, 2559)], [(0, 102), (51, 153), (102, 204), (153, 255), (204, 307), (255, 358), (307, 409), (358, 460), (409, 511), (460, 562), (511, 614), (562, 665), (614, 716), (665, 767), (716, 818), (767, 869), (818, 921), (869, 972), (921, 1023), (972, 1074), (1023, 1125), (1074, 1176), (1125, 1228), (1176, 1279), (1228, 1330), (1279, 1381), (1330, 1433), (1381, 1484), (1433, 1535), (1484, 1586), (1535, 1637), (1586, 1688), (1637, 1740), (1688, 1791), (1740, 1842), (1791, 1893), (1842, 1944), (1893, 1995), (1944, 2047), (1995, 2098), (2047, 2149), (2098, 2200), (2149, 2251), (2200, 2302), (2251, 2354), (2302, 2405), (2354, 2456), (2405, 2507), (2456, 2559)], [(0, 91), (45, 136), (91, 182), (136, 228), (182, 274), (228, 319), (274, 365), (319, 410), (365, 456), (410, 502), (456, 548), (502, 593), (548, 639), (593, 685), (639, 731), (685, 776), (731, 822), (776, 867), (822, 913), (867, 959), (913, 1005), (959, 1050), (1005, 1096), (1050, 1142), (1096, 1188), (1142, 1233), (1188, 1279), (1233, 1324), (1279, 1370), (1324, 1416), (1370, 1462), (1416, 1507), (1462, 1553), (1507, 1599), (1553, 1645), (1599, 1690), (1645, 1736), (1690, 1781), (1736, 1827), (1781, 1873), (1827, 1919), (1873, 1964), (1919, 2010), (1964, 2056), (2010, 2102), (2056, 2147), (2102, 2193), (2147, 2238), (2193, 2284), (2238, 2330), (2284, 2376), (2330, 2421), (2376, 2467), (2421, 2513), (2467, 2559)], [(0, 85), (42, 127), (85, 170), (127, 212), (170, 255), (212, 298), (255, 341), (298, 383), (341, 426), (383, 468), (426, 511), (468, 554), (511, 597), (554, 639), (597, 682), (639, 724), (682, 767), (724, 810), (767, 853), (810, 895), (853, 938), (895, 980), (938, 1023), (980, 1065), (1023, 1108), (1065, 1151), (1108, 1194), (1151, 1236), (1194, 1279), (1236, 1321), (1279, 1364), (1321, 1407), (1364, 1450), (1407, 1492), (1450, 1535), (1492, 1577), (1535, 1620), (1577, 1663), (1620, 1706), (1663, 1748), (1706, 1791), (1748, 1833), (1791, 1876), (1833, 1918), (1876, 1961), (1918, 2004), (1961, 2047), (2004, 2089), (2047, 2132), (2089, 2174), (2132, 2217), (2174, 2260), (2217, 2303), (2260, 2345), (2303, 2388), (2345, 2430), (2388, 2473), (2430, 2516), (2473, 2559)], [(0, 77), (38, 116), (77, 155), (116, 193), (155, 232), (193, 271), (232, 310), (271, 348), (310, 387), (348, 426), (387, 465), (426, 503), (465, 542), (503, 581), (542, 620), (581, 658), (620, 697), (658, 736), (697, 775), (736, 814), (775, 853), (814, 891), (853, 930), (891, 969), (930, 1008), (969, 1046), (1008, 1085), (1046, 1124), (1085, 1163), (1124, 1201), (1163, 1240), (1201, 1279), (1240, 1318), (1279, 1356), (1318, 1395), (1356, 1434), (1395, 1473), (1434, 1511), (1473, 1550), (1511, 1589), (1550, 1628), (1589, 1667), (1628, 1706), (1667, 1744), (1706, 1783), (1744, 1822), (1783, 1861), (1822, 1899), (1861, 1938), (1899, 1977), (1938, 2016), (1977, 2054), (2016, 2093), (2054, 2132), (2093, 2171), (2132, 2209), (2171, 2248), (2209, 2287), (2248, 2326), (2287, 2364), (2326, 2403), (2364, 2442), (2403, 2481), (2442, 2520), (2481, 2559)], [(0, 73), (36, 109), (73, 146), (109, 182), (146, 219), (182, 255), (219, 292), (255, 328), (292, 365), (328, 401), (365, 438), (401, 474), (438, 511), (474, 547), (511, 584), (547, 621), (584, 658), (621, 694), (658, 731), (694, 767), (731, 804), (767, 840), (804, 877), (840, 913), (877, 950), (913, 986), (950, 1023), (986, 1059), (1023, 1096), (1059, 1132), (1096, 1169), (1132, 1205), (1169, 1242), (1205, 1279), (1242, 1316), (1279, 1352), (1316, 1389), (1352, 1425), (1389, 1462), (1425, 1498), (1462, 1535), (1498, 1571), (1535, 1608), (1571, 1644), (1608, 1681), (1644, 1717), (1681, 1754), (1717, 1790), (1754, 1827), (1790, 1863), (1827, 1900), (1863, 1937), (1900, 1974), (1937, 2010), (1974, 2047), (2010, 2083), (2047, 2120), (2083, 2156), (2120, 2193), (2156, 2229), (2193, 2266), (2229, 2302), (2266, 2339), (2302, 2375), (2339, 2412), (2375, 2448), (2412, 2485), (2448, 2522), (2485, 2559)]]","[True, True, True, True, True, True, True, True, True, True, True]","[0.11599047215489974, 0.11581607016691114, 0.11732244595698356, 0.10302230231041423, 0.10698772843829726, 0.11406609145561193, 0.09881577069862434, 0.10503127958833386, 0.10577277568987821, 0.10256999282252122, 0.09970692189712717]",0.10773653192541842,"[0.48607466396612914, 0.46978640001220023, 0.47504814891695724, 0.526174644073927, 0.5045573347067919, 0.4664197744061932, 0.5270165963953092, 0.4784321995256955, 0.46875615373509094, 0.4537817871337282, 0.45541877304433115]",0.4828605887196686,"[[ 4.01944005e-01,  4.91593510e-01,  4.25898836e-01,  6.89374612e-02,
        4.71657790e-01,  5.67807835e-01,  3.84000616e-01,  4.62592695e-02,
        1.94500320e-02, -1.43412462e-02, -3.89236556e-02,  2.64232678e-02,
        6.07974370e-02,  2.01482458e-01,  2.45763520e-02,  1.29475067e-01,
        5.40925753e-02, -1.11158440e-04,  1.69264042e-03], [0.16026137, 0.40758745, 0.39792232, 0.1570489 , 0.16498124,
       0.31289881, 0.33478791, 0.30486844, 0.2473379 , 0.19437206,
       0.18406478, 0.03789892, 0.04936597, 0.00234732, 0.02489596,
       0.11117861, 0.07109452, 0.06765949, 0.13564967, 0.07889848,
       0.14547073, 0.09813269, 0.05528947, 0.07303394, 0.07114225], [2.23944421e-01, 3.91483551e-01, 4.59061595e-01, 2.28223956e-01,
       1.17213536e-01, 2.47505738e-01, 2.17875839e-01, 2.29976568e-01,
       1.95010765e-01, 2.24457028e-01, 1.67990696e-01, 1.31124878e-01,
       1.45194824e-01, 1.16164003e-01, 3.53697410e-02, 3.51410247e-02,
       5.50012015e-05, 1.27455365e-01, 1.85397866e-02, 1.17199648e-01,
       6.69752819e-02, 1.19374614e-01, 1.06588454e-01, 6.78400479e-02,
       4.57046020e-02, 8.02986301e-02, 2.05044027e-02, 3.65041298e-02,
       6.25532081e-02], [ 0.15655418,  0.28941737,  0.47473987,  0.45743252,  0.06085592,
        0.0476266 ,  0.11534269,  0.16367301,  0.23418652,  0.2596389 ,
        0.203926  ,  0.17065483,  0.16284168,  0.16875137,  0.15466437,
        0.0943959 ,  0.04746111,  0.01953319,  0.03851515, -0.00698294,
        0.03150557,  0.04470169,  0.01865408,  0.10211662,  0.03056509,
        0.08357663,  0.14085387,  0.07376631,  0.07986865,  0.08950087,
        0.06316326, -0.00452011,  0.02255899,  0.00885281,  0.01879649], [ 0.1960439 ,  0.15649888,  0.29420877,  0.37682882,  0.27501078,
        0.0886128 ,  0.07204827,  0.18876658,  0.15953583,  0.20426671,
        0.21262954,  0.22483981,  0.21652267,  0.17454414,  0.180734  ,
        0.11431977,  0.10735209,  0.09825364,  0.04999211,  0.03645202,
        0.01521052,  0.03018677,  0.01252082,  0.09294756,  0.05089004,
        0.05322373,  0.02645457,  0.06853333,  0.02236087,  0.11136052,
        0.09772818,  0.08548185,  0.05126008,  0.10686235,  0.01694691,
        0.02274619,  0.03902437,  0.0032361 , -0.00535977], [ 0.2732891 ,  0.10005385,  0.20796876,  0.31708799,  0.34297661,
        0.12848989,  0.01839445,  0.14008141,  0.04828583,  0.12573618,
        0.19240507,  0.11687987,  0.15871875,  0.13336574,  0.09439442,
        0.0958647 ,  0.12560564,  0.05699543,  0.10840524,  0.1270098 ,
        0.06126469,  0.0150475 ,  0.04632948, -0.01804699,  0.0283428 ,
        0.00435124,  0.04034282,  0.02666821,  0.04704596,  0.0525748 ,
        0.02964839,  0.09299983,  0.04677602,  0.05595377,  0.03455504,
        0.07907136,  0.07271408,  0.01468028,  0.05212417,  0.07860153,
       -0.00845481,  0.01745849,  0.10090557,  0.02565486, -0.01152386], [2.96272468e-01, 1.60819100e-01, 1.57228449e-01, 2.12113432e-01,
       2.98371023e-01, 1.41966396e-01, 6.27639900e-02, 2.34732717e-02,
       5.77192103e-02, 8.49926938e-02, 1.11228507e-01, 2.89868705e-01,
       1.76746828e-01, 1.30412307e-01, 1.39540371e-01, 1.12850715e-01,
       1.18754267e-01, 1.44227818e-01, 1.31474663e-01, 8.88080454e-02,
       9.23457874e-02, 9.79006990e-02, 4.60313260e-02, 2.45709430e-02,
       1.72022652e-02, 3.33840344e-02, 1.48656979e-04, 3.03446434e-02,
       1.12252551e-02, 4.48551057e-02, 4.14227010e-02, 1.14363826e-02,
       8.16105136e-02, 5.11101823e-02, 6.91380488e-02, 5.99407674e-02,
       8.27791950e-02, 4.92557939e-02, 9.14729402e-02, 7.46736426e-02,
       3.66891564e-02, 3.54258290e-02, 2.63576423e-02, 2.38169750e-02,
       3.66755959e-02, 1.80675064e-02, 1.35900239e-02, 6.27732687e-02,
       3.62773348e-02], [ 0.37126242,  0.11747189,  0.04620388,  0.18318087,  0.24932392,
        0.29528481,  0.08207106,  0.03495335, -0.00398991,  0.02864834,
        0.02694249,  0.1007866 ,  0.07606877,  0.15075756,  0.11102192,
        0.15237784,  0.12226168,  0.05643984,  0.04327998,  0.11918915,
        0.09791388,  0.00362431,  0.06615359,  0.07777594,  0.066807  ,
        0.05914175,  0.05579166,  0.00124571,  0.00461242, -0.02712542,
       -0.02221737,  0.03477241,  0.04507933,  0.03151789,  0.03074932,
        0.00426594,  0.01319431,  0.04341768,  0.03535636,  0.05798049,
        0.01494922,  0.04124152,  0.0867752 ,  0.07381412,  0.02120235,
        0.08708828,  0.1000135 ,  0.05418767,  0.0420896 ,  0.06519595,
        0.02964919,  0.03338687,  0.02696978,  0.10372023,  0.01524617], [ 0.33493397,  0.13883693,  0.0975575 ,  0.08654724,  0.21863234,
        0.23144718,  0.18154313,  0.09281141,  0.04205529,  0.03745189,
        0.08196465,  0.07357383,  0.06741919,  0.09633352,  0.17896034,
        0.11257342,  0.09445727,  0.1265934 ,  0.04084291,  0.03248352,
        0.08263624,  0.0870151 ,  0.04388368,  0.04192161,  0.06440904,
        0.1119865 ,  0.05887234,  0.02515317,  0.01653816,  0.0584916 ,
        0.02057062, -0.00675939,  0.05168704,  0.04039024,  0.0457295 ,
        0.00529631,  0.02359848,  0.0183147 ,  0.08521341, -0.02135033,
        0.02689339,  0.05127473,  0.05185167,  0.00252044,  0.01655153,
        0.04025924,  0.07604033,  0.04852517,  0.00946745,  0.05503503,
        0.12751477,  0.07843255,  0.00957006,  0.01468473,  0.04849652,
        0.01776566,  0.040651  , -0.01177394,  0.0098926 ], [ 2.79853492e-01,  1.79303340e-01,  1.29287640e-01,  6.50364929e-02,
        2.16091673e-01,  1.86746248e-01,  1.70808878e-01,  8.53740075e-02,
        6.97702143e-02,  8.70029789e-03,  7.65376889e-02,  4.39237580e-02,
        5.93084593e-02,  4.11743535e-02,  5.93330003e-02,  1.32303956e-01,
        1.29608559e-01,  7.80577785e-02,  1.63688304e-01,  9.85085741e-02,
        1.29116713e-02,  2.14099853e-02,  5.45657843e-02,  5.64724487e-02,
        6.93102097e-02,  1.40155375e-01,  6.60260902e-02,  7.55220403e-02,
        9.71999420e-02,  6.59454883e-03,  8.35149629e-02,  9.29832438e-03,
        2.34934807e-02, -1.95232558e-03,  1.77657829e-02, -3.22900214e-02,
       -2.45763656e-02,  1.80070034e-02,  2.12518685e-02, -7.17272008e-03,
        4.95064255e-02, -7.68071579e-03,  2.54678260e-02, -3.49421611e-03,
       -5.10300512e-03,  2.52945166e-02,  5.56964118e-02,  4.73651983e-02,
        1.89497379e-02, -7.88275512e-03,  3.67591792e-02,  3.80048871e-02,
        2.33179976e-02,  2.76374663e-02,  2.13855319e-02,  4.28671992e-02,
        5.29939516e-02,  3.00232682e-02,  4.33600507e-03,  1.33074801e-03,
        6.99182682e-02,  1.71042979e-04,  5.33246278e-03,  3.15907955e-02,
        1.36140162e-03], [ 1.65431231e-01,  3.30127064e-01,  9.42025232e-02,  4.26412909e-02,
        1.40675562e-01,  2.25344208e-01,  1.65323521e-01,  2.19096883e-01,
        3.92991104e-02,  3.49277028e-02,  8.61321068e-02,  7.07985190e-02,
        1.81692114e-02,  7.50420719e-02,  7.43199163e-02,  7.95965934e-02,
        5.26618158e-02,  1.24581608e-01,  7.23518108e-02,  1.14029224e-01,
        4.76914552e-02,  5.50588339e-02,  3.51233780e-02,  5.00009203e-02,
        6.57721435e-02,  6.81063460e-02,  3.14619879e-02,  4.83977804e-02,
        4.35533208e-02,  9.49815332e-02,  6.24028599e-02,  2.27124378e-02,
        9.29419309e-03, -2.23742143e-02,  2.46710102e-03,  2.80173221e-02,
       -1.07815623e-02,  4.90512529e-03,  7.83443566e-04,  5.30037213e-03,
        4.14852912e-02, -1.68624300e-03,  1.65298017e-02, -2.19265755e-02,
       -2.06123068e-04,  2.72728302e-02,  2.43916527e-02,  4.28665699e-02,
       -1.56401924e-02,  3.13023520e-02,  1.17618161e-01, -3.62544220e-02,
        4.23672109e-02,  1.07586975e-02,  8.33424653e-02,  1.46624010e-02,
       -1.96029234e-02,  7.85638359e-02,  6.50967675e-03, -2.57134533e-02,
        3.94046681e-02,  5.45496497e-03, -1.46343169e-02,  1.08098031e-02,
        2.18878234e-02,  2.03372760e-02,  4.75929715e-02,  7.07684612e-03,
        4.61430274e-03]]"
3,"[0.11294352823588207, 0.10944527736131934, 0.11544227886056972, 0.1344327836081959, 0.16891554222888555, 0.13993003498250875, 0.1794102948525737, 0.19640179910044978, 0.21339330334832585, 0.20889555222388806, 0.21139430284857572]",audio/speech_commands/cat/ba676390_nohash_0.wav,"[20000, 20000, 20000, 20000, 20000, 20000, 20000, 20000, 20000, 20000, 20000]","[0.9844, 0.9844, 0.9844, 0.9844, 0.9844, 0.9844, 0.9844, 0.9844, 0.9844, 0.9844, 0.9844]","[0.11554, 0.1049, 0.1117, 0.1316, 0.1615, 0.1335, 0.1726, 0.1903, 0.2029, 0.2003, 0.2053]","['EVEN', 'EVEN', 'EVEN', 'EVEN', 'EVEN', 'EVEN', 'EVEN', 'EVEN', 'EVEN', 'EVEN', 'EVEN']","[19, 25, 29, 35, 39, 45, 49, 55, 59, 65, 69]","[[(0, 255), (127, 383), (255, 511), (383, 639), (511, 767), (639, 895), (767, 1023), (895, 1151), (1023, 1279), (1151, 1407), (1279, 1535), (1407, 1663), (1535, 1791), (1663, 1919), (1791, 2047), (1919, 2175), (2047, 2303), (2175, 2431), (2303, 2559)], [(0, 196), (98, 294), (196, 393), (294, 491), (393, 590), (491, 688), (590, 787), (688, 885), (787, 984), (885, 1082), (984, 1181), (1082, 1279), (1181, 1377), (1279, 1475), (1377, 1574), (1475, 1672), (1574, 1771), (1672, 1869), (1771, 1968), (1869, 2066), (1968, 2165), (2066, 2263), (2165, 2362), (2263, 2460), (2362, 2559)], [(0, 170), (85, 255), (170, 341), (255, 426), (341, 511), (426, 596), (511, 682), (596, 767), (682, 853), (767, 938), (853, 1023), (938, 1108), (1023, 1194), (1108, 1279), (1194, 1364), (1279, 1449), (1364, 1535), (1449, 1620), (1535, 1706), (1620, 1791), (1706, 1876), (1791, 1961), (1876, 2047), (1961, 2132), (2047, 2217), (2132, 2302), (2217, 2388), (2302, 2473), (2388, 2559)], [(0, 142), (71, 213), (142, 284), (213, 355), (284, 426), (355, 497), (426, 568), (497, 639), (568, 710), (639, 781), (710, 853), (781, 924), (853, 995), (924, 1066), (995, 1137), (1066, 1208), (1137, 1279), (1208, 1350), (1279, 1421), (1350, 1492), (1421, 1563), (1492, 1634), (1563, 1706), (1634, 1777), (1706, 1848), (1777, 1919), (1848, 1990), (1919, 2061), (1990, 2132), (2061, 2203), (2132, 2274), (2203, 2345), (2274, 2416), (2345, 2487), (2416, 2559)], [(0, 127), (63, 191), (127, 255), (191, 319), (255, 383), (319, 447), (383, 511), (447, 575), (511, 639), (575, 703), (639, 767), (703, 831), (767, 895), (831, 959), (895, 1023), (959, 1087), (1023, 1151), (1087, 1215), (1151, 1279), (1215, 1343), (1279, 1407), (1343, 1471), (1407, 1535), (1471, 1599), (1535, 1663), (1599, 1727), (1663, 1791), (1727, 1855), (1791, 1919), (1855, 1983), (1919, 2047), (1983, 2111), (2047, 2175), (2111, 2239), (2175, 2303), (2239, 2367), (2303, 2431), (2367, 2495), (2431, 2559)], [(0, 111), (55, 166), (111, 222), (166, 277), (222, 333), (277, 389), (333, 445), (389, 500), (445, 556), (500, 611), (556, 667), (611, 722), (667, 778), (722, 834), (778, 890), (834, 945), (890, 1001), (945, 1056), (1001, 1112), (1056, 1167), (1112, 1223), (1167, 1279), (1223, 1335), (1279, 1390), (1335, 1446), (1390, 1501), (1446, 1557), (1501, 1612), (1557, 1668), (1612, 1724), (1668, 1780), (1724, 1835), (1780, 1891), (1835, 1946), (1891, 2002), (1946, 2057), (2002, 2113), (2057, 2169), (2113, 2225), (2169, 2280), (2225, 2336), (2280, 2391), (2336, 2447), (2391, 2503), (2447, 2559)], [(0, 102), (51, 153), (102, 204), (153, 255), (204, 307), (255, 358), (307, 409), (358, 460), (409, 511), (460, 562), (511, 614), (562, 665), (614, 716), (665, 767), (716, 818), (767, 869), (818, 921), (869, 972), (921, 1023), (972, 1074), (1023, 1125), (1074, 1176), (1125, 1228), (1176, 1279), (1228, 1330), (1279, 1381), (1330, 1433), (1381, 1484), (1433, 1535), (1484, 1586), (1535, 1637), (1586, 1688), (1637, 1740), (1688, 1791), (1740, 1842), (1791, 1893), (1842, 1944), (1893, 1995), (1944, 2047), (1995, 2098), (2047, 2149), (2098, 2200), (2149, 2251), (2200, 2302), (2251, 2354), (2302, 2405), (2354, 2456), (2405, 2507), (2456, 2559)], [(0, 91), (45, 136), (91, 182), (136, 228), (182, 274), (228, 319), (274, 365), (319, 410), (365, 456), (410, 502), (456, 548), (502, 593), (548, 639), (593, 685), (639, 731), (685, 776), (731, 822), (776, 867), (822, 913), (867, 959), (913, 1005), (959, 1050), (1005, 1096), (1050, 1142), (1096, 1188), (1142, 1233), (1188, 1279), (1233, 1324), (1279, 1370), (1324, 1416), (1370, 1462), (1416, 1507), (1462, 1553), (1507, 1599), (1553, 1645), (1599, 1690), (1645, 1736), (1690, 1781), (1736, 1827), (1781, 1873), (1827, 1919), (1873, 1964), (1919, 2010), (1964, 2056), (2010, 2102), (2056, 2147), (2102, 2193), (2147, 2238), (2193, 2284), (2238, 2330), (2284, 2376), (2330, 2421), (2376, 2467), (2421, 2513), (2467, 2559)], [(0, 85), (42, 127), (85, 170), (127, 212), (170, 255), (212, 298), (255, 341), (298, 383), (341, 426), (383, 468), (426, 511), (468, 554), (511, 597), (554, 639), (597, 682), (639, 724), (682, 767), (724, 810), (767, 853), (810, 895), (853, 938), (895, 980), (938, 1023), (980, 1065), (1023, 1108), (1065, 1151), (1108, 1194), (1151, 1236), (1194, 1279), (1236, 1321), (1279, 1364), (1321, 1407), (1364, 1450), (1407, 1492), (1450, 1535), (1492, 1577), (1535, 1620), (1577, 1663), (1620, 1706), (1663, 1748), (1706, 1791), (1748, 1833), (1791, 1876), (1833, 1918), (1876, 1961), (1918, 2004), (1961, 2047), (2004, 2089), (2047, 2132), (2089, 2174), (2132, 2217), (2174, 2260), (2217, 2303), (2260, 2345), (2303, 2388), (2345, 2430), (2388, 2473), (2430, 2516), (2473, 2559)], [(0, 77), (38, 116), (77, 155), (116, 193), (155, 232), (193, 271), (232, 310), (271, 348), (310, 387), (348, 426), (387, 465), (426, 503), (465, 542), (503, 581), (542, 620), (581, 658), (620, 697), (658, 736), (697, 775), (736, 814), (775, 853), (814, 891), (853, 930), (891, 969), (930, 1008), (969, 1046), (1008, 1085), (1046, 1124), (1085, 1163), (1124, 1201), (1163, 1240), (1201, 1279), (1240, 1318), (1279, 1356), (1318, 1395), (1356, 1434), (1395, 1473), (1434, 1511), (1473, 1550), (1511, 1589), (1550, 1628), (1589, 1667), (1628, 1706), (1667, 1744), (1706, 1783), (1744, 1822), (1783, 1861), (1822, 1899), (1861, 1938), (1899, 1977), (1938, 2016), (1977, 2054), (2016, 2093), (2054, 2132), (2093, 2171), (2132, 2209), (2171, 2248), (2209, 2287), (2248, 2326), (2287, 2364), (2326, 2403), (2364, 2442), (2403, 2481), (2442, 2520), (2481, 2559)], [(0, 73), (36, 109), (73, 146), (109, 182), (146, 219), (182, 255), (219, 292), (255, 328), (292, 365), (328, 401), (365, 438), (401, 474), (438, 511), (474, 547), (511, 584), (547, 621), (584, 658), (621, 694), (658, 731), (694, 767), (731, 804), (767, 840), (804, 877), (840, 913), (877, 950), (913, 986), (950, 1023), (986, 1059), (1023, 1096), (1059, 1132), (1096, 1169), (1132, 1205), (1169, 1242), (1205, 1279), (1242, 1316), (1279, 1352), (1316, 1389), (1352, 1425), (1389, 1462), (1425, 1498), (1462, 1535), (1498, 1571), (1535, 1608), (1571, 1644), (1608, 1681), (1644, 1717), (1681, 1754), (1717, 1790), (1754, 1827), (1790, 1863), (1827, 1900), (1863, 1937), (1900, 1974), (1937, 2010), (1974, 2047), (2010, 2083), (2047, 2120), (2083, 2156), (2120, 2193), (2156, 2229), (2193, 2266), (2229, 2302), (2266, 2339), (2302, 2375), (2339, 2412), (2375, 2448), (2412, 2485), (2448, 2522), (2485, 2559)]]","[True, True, True, True, True, True, True, True, True, True, True]","[0.06887551555065662, 0.07362574420488337, 0.07796435294394241, 0.08116730121491063, 0.08769109510208935, 0.08164535669339545, 0.09001116627575032, 0.09318677320365261, 0.09039551703930913, 0.0900594552237524, 0.09023299650988938]",0.0840777521783847,"[0.41584867276787996, 0.3436729905824927, 0.3475039063358024, 0.37697702868603666, 0.4288661199590952, 0.3898783981180071, 0.43297297405674495, 0.45249803007897305, 0.48242252083467857, 0.4930057503898363, 0.4922658940220985]",0.4232647532574223,"[[ 0.22334262,  0.20774422,  0.21317761,  0.21535198,  0.19864792,
        0.21237816,  0.21394265,  0.21256934,  0.24522969,  0.23453034,
        0.18788712,  0.19425023,  0.17597274, -0.03828771, -0.04469742,
       -0.01766907, -0.03381601, -0.01721039, -0.05221207], [ 0.14467197,  0.15795603,  0.1499744 ,  0.12938302,  0.1501947 ,
        0.1453108 ,  0.17509073,  0.14489994,  0.16725075,  0.16513205,
        0.17142611,  0.1600413 ,  0.11165524,  0.15935871,  0.07408397,
        0.0634896 ,  0.05872501,  0.03788588,  0.03768392, -0.01666406,
       -0.0107522 ,  0.05156341, -0.00038614,  0.03519076,  0.00999596], [ 0.15009123,  0.14623012,  0.13019173,  0.14597655,  0.16588088,
        0.15385867,  0.11487106,  0.13243895,  0.15651097,  0.1566711 ,
        0.14509668,  0.155381  ,  0.14899037,  0.16843784,  0.02935242,
        0.06711794,  0.11295404,  0.04828088,  0.06139408,  0.00500716,
        0.0314072 ,  0.01288899, -0.01419278,  0.04191391,  0.00385653,
        0.02322004, -0.03362317, -0.01535195, -0.00789864], [ 0.13285611,  0.15160574,  0.15507764,  0.14786637,  0.16222949,
        0.14484298,  0.14937235,  0.14766532,  0.1459314 ,  0.18519759,
        0.13840635,  0.10069071,  0.14269256,  0.1075374 ,  0.11574735,
        0.16010269,  0.13029074,  0.03018077,  0.05224418,  0.05644478,
        0.02932167,  0.05675418,  0.0226267 ,  0.0494947 ,  0.02787321,
        0.01146664,  0.04068668,  0.05597385,  0.02854125,  0.03695402,
        0.03557988,  0.0278269 , -0.00055757,  0.01533996, -0.00358297], [0.19522985, 0.17748821, 0.16751632, 0.13918709, 0.13444647,
       0.18709993, 0.18712571, 0.14375453, 0.16379593, 0.17048607,
       0.16886093, 0.12618648, 0.08718883, 0.08887962, 0.11613613,
       0.10695647, 0.0860693 , 0.11763369, 0.11510353, 0.09132824,
       0.07988892, 0.05588885, 0.08468999, 0.0627615 , 0.06279658,
       0.03753572, 0.06250842, 0.04318317, 0.02430625, 0.0424258 ,
       0.03084129, 0.04519296, 0.04225512, 0.0476289 , 0.02893022,
       0.02588675, 0.02750258, 0.02382736, 0.04074778], [0.14134759, 0.14959034, 0.16602642, 0.1244481 , 0.11293074,
       0.0898849 , 0.13642306, 0.13359259, 0.13374516, 0.12284635,
       0.13526543, 0.11812513, 0.10194757, 0.08946077, 0.04555374,
       0.04708976, 0.07157119, 0.07255119, 0.08917145, 0.15184136,
       0.04835362, 0.08626856, 0.02968027, 0.04843589, 0.04731232,
       0.05078778, 0.01277149, 0.04388499, 0.02425414, 0.05331381,
       0.01100272, 0.02622881, 0.01623329, 0.05255423, 0.01494339,
       0.03183366, 0.03820321, 0.02148403, 0.00514659, 0.03893347,
       0.00175949, 0.02366492, 0.00816677, 0.03471086, 0.00731891], [ 0.11555409,  0.18444897,  0.16476767,  0.16338192,  0.11695095,
        0.10279418,  0.07394594,  0.17542994,  0.08373996,  0.17408618,
        0.1591137 ,  0.1700034 ,  0.16119274,  0.08994784,  0.07475417,
        0.07056115,  0.02897644,  0.07932979,  0.09699411,  0.08278983,
        0.04893832,  0.13030418,  0.06478169,  0.07435967,  0.07334419,
        0.00669602,  0.05222475,  0.05478078,  0.05453559,  0.03241332,
        0.07002119,  0.04377197,  0.06361471,  0.01769595,  0.0150083 ,
        0.02359316,  0.06781124,  0.02284835,  0.03866711,  0.01405457,
        0.03500672,  0.00404169,  0.0301684 ,  0.0358562 , -0.01107405,
        0.00602469,  0.02745213,  0.02351504, -0.00146164], [ 0.13420258,  0.14207918,  0.16028709,  0.1615481 ,  0.0883325 ,
        0.09059536,  0.08075031,  0.08044469,  0.17133746,  0.11679068,
        0.1840512 ,  0.09339508,  0.16209251,  0.16426692,  0.20191655,
        0.06580132,  0.05955238,  0.01631889,  0.03403984,  0.07790224,
        0.09902215,  0.11061181,  0.06590546,  0.0689059 ,  0.06084247,
        0.1198411 ,  0.05636618,  0.06704633,  0.05134637,  0.0736481 ,
        0.04062683,  0.06557656,  0.05202337,  0.02547757,  0.0156982 ,
        0.03594613,  0.05884383,  0.03890891,  0.02346122,  0.05510672,
       -0.01595974,  0.03917641,  0.04674842,  0.08642722,  0.02575537,
        0.02769761,  0.00667027,  0.0348322 , -0.01879593,  0.0350469 ,
       -0.00981894,  0.00422158,  0.00894664, -0.01101159,  0.0356654 ], [ 0.04466422,  0.10480107,  0.13660794,  0.18589767,  0.12651482,
        0.10659166,  0.07798595,  0.06652752,  0.1007012 ,  0.19888089,
        0.12817941,  0.18569366,  0.09403446,  0.18045088,  0.1232781 ,
        0.20283865,  0.08703537,  0.0311987 ,  0.08989164,  0.02386188,
        0.07499954,  0.12663632,  0.10436211,  0.0731981 ,  0.08779217,
        0.13642334,  0.07281489,  0.05054099,  0.04254454,  0.04799465,
        0.01999799,  0.02988663,  0.08744496,  0.04075521,  0.06626136,
        0.05303002,  0.04860232,  0.0166367 , -0.01092746,  0.05703474,
        0.00377478,  0.01628832,  0.05223246,  0.02546374,  0.02573436,
        0.00964921, -0.00668841,  0.03125996,  0.02681647,  0.00639746,
        0.04184786,  0.02968322,  0.00397444,  0.01586759,  0.01366346,
        0.0061583 ,  0.04773304,  0.03122712,  0.03823397], [ 0.16444937,  0.13734972,  0.0641955 ,  0.17540496,  0.15632785,
        0.10664742,  0.09196267,  0.12514949,  0.04942461,  0.06265556,
        0.16384426,  0.11380345,  0.14963608,  0.0898011 ,  0.14156934,
        0.15283636,  0.15787129,  0.10286929,  0.06935124,  0.0130554 ,
        0.04950761,  0.01514421,  0.04332258,  0.01587795,  0.07904438,
        0.08335416,  0.08832895,  0.07327203,  0.14823881,  0.01279525,
        0.05228512,  0.05549725,  0.0621484 ,  0.04601194,  0.06418415,
        0.02687252,  0.04159041,  0.04465456,  0.0326972 ,  0.03332323,
        0.04154384,  0.00773844,  0.04211896,  0.02664481,  0.01167976,
        0.0158062 ,  0.03461504, -0.00847813,  0.01144964,  0.02923493,
        0.01943368,  0.00264763,  0.01781121, -0.00230035,  0.01391432,
        0.04844097,  0.02495382, -0.03092293,  0.03337367,  0.0355621 ,
        0.01752383,  0.0102509 ,  0.01815849,  0.01649051,  0.0542788 ], [ 1.43872610e-01,  9.13906776e-02,  1.26920683e-01,  1.50425174e-01,
        1.93271326e-01,  1.06987691e-01,  7.33676820e-02,  4.96791887e-02,
        7.67931216e-02,  2.85365115e-02,  1.23957790e-01,  1.41366309e-01,
        1.05012597e-01,  1.44912192e-01,  5.65949579e-02,  1.74059518e-01,
        8.38778552e-02,  1.45063576e-01,  6.68404301e-02,  6.81297096e-02,
        3.88093521e-02,  2.72889199e-02,  1.39077522e-04,  7.24895680e-02,
        4.90268792e-03,  1.11399371e-01,  6.04410055e-02,  8.20316306e-02,
        7.91365450e-02,  8.16594494e-02,  1.32667979e-01,  1.14193098e-02,
        5.55602587e-02,  2.60135797e-02,  4.66739903e-02,  2.81855332e-02,
        3.87976183e-02,  6.58324246e-02,  3.78272133e-02,  3.47525611e-02,
        1.80524045e-02,  2.86539852e-02, -6.97791852e-04,  4.57687320e-02,
        3.20237387e-02,  3.47387898e-02,  1.84033586e-02,  5.59966725e-02,
        4.29858544e-02, -4.03251255e-03,  1.76471293e-02,  4.23070711e-02,
        1.58337890e-02,  1.36967633e-02,  1.36664031e-02,  5.30376773e-02,
        2.84049174e-02,  7.04045576e-02, -1.49589619e-02, -3.56262209e-03,
        3.86821826e-02,  1.38787909e-02, -2.16397228e-02,  9.19056282e-03,
        2.68310537e-02,  1.61972620e-02,  2.24453022e-02,  5.40640529e-03,
        3.55938423e-02]]"
4,"[0.18690654672663667, 0.1664167916041979, 0.17491254372813594, 0.22438780609695153, 0.2193903048475762, 0.2318840579710145, 0.2673663168415792, 0.3258370814592704, 0.36231884057971014, 0.35282358820589704, 0.4027986006996502]",audio/speech_commands/cat/db7c95b0_nohash_0.wav,"[20000, 20000, 20000, 20000, 20000, 20000, 20000, 20000, 20000, 20000, 20000]","[0.969, 0.969, 0.969, 0.969, 0.969, 0.969, 0.969, 0.969, 0.969, 0.969, 0.969]","[0.1654, 0.1433, 0.1512, 0.1937, 0.1891, 0.2048, 0.2303, 0.2822, 0.3135, 0.3083, 0.354]","['EVEN', 'EVEN', 'EVEN', 'EVEN', 'EVEN', 'EVEN', 'EVEN', 'EVEN', 'EVEN', 'EVEN', 'EVEN']","[19, 25, 29, 35, 39, 45, 49, 55, 59, 65, 69]","[[(0, 255), (127, 383), (255, 511), (383, 639), (511, 767), (639, 895), (767, 1023), (895, 1151), (1023, 1279), (1151, 1407), (1279, 1535), (1407, 1663), (1535, 1791), (1663, 1919), (1791, 2047), (1919, 2175), (2047, 2303), (2175, 2431), (2303, 2559)], [(0, 196), (98, 294), (196, 393), (294, 491), (393, 590), (491, 688), (590, 787), (688, 885), (787, 984), (885, 1082), (984, 1181), (1082, 1279), (1181, 1377), (1279, 1475), (1377, 1574), (1475, 1672), (1574, 1771), (1672, 1869), (1771, 1968), (1869, 2066), (1968, 2165), (2066, 2263), (2165, 2362), (2263, 2460), (2362, 2559)], [(0, 170), (85, 255), (170, 341), (255, 426), (341, 511), (426, 596), (511, 682), (596, 767), (682, 853), (767, 938), (853, 1023), (938, 1108), (1023, 1194), (1108, 1279), (1194, 1364), (1279, 1449), (1364, 1535), (1449, 1620), (1535, 1706), (1620, 1791), (1706, 1876), (1791, 1961), (1876, 2047), (1961, 2132), (2047, 2217), (2132, 2302), (2217, 2388), (2302, 2473), (2388, 2559)], [(0, 142), (71, 213), (142, 284), (213, 355), (284, 426), (355, 497), (426, 568), (497, 639), (568, 710), (639, 781), (710, 853), (781, 924), (853, 995), (924, 1066), (995, 1137), (1066, 1208), (1137, 1279), (1208, 1350), (1279, 1421), (1350, 1492), (1421, 1563), (1492, 1634), (1563, 1706), (1634, 1777), (1706, 1848), (1777, 1919), (1848, 1990), (1919, 2061), (1990, 2132), (2061, 2203), (2132, 2274), (2203, 2345), (2274, 2416), (2345, 2487), (2416, 2559)], [(0, 127), (63, 191), (127, 255), (191, 319), (255, 383), (319, 447), (383, 511), (447, 575), (511, 639), (575, 703), (639, 767), (703, 831), (767, 895), (831, 959), (895, 1023), (959, 1087), (1023, 1151), (1087, 1215), (1151, 1279), (1215, 1343), (1279, 1407), (1343, 1471), (1407, 1535), (1471, 1599), (1535, 1663), (1599, 1727), (1663, 1791), (1727, 1855), (1791, 1919), (1855, 1983), (1919, 2047), (1983, 2111), (2047, 2175), (2111, 2239), (2175, 2303), (2239, 2367), (2303, 2431), (2367, 2495), (2431, 2559)], [(0, 111), (55, 166), (111, 222), (166, 277), (222, 333), (277, 389), (333, 445), (389, 500), (445, 556), (500, 611), (556, 667), (611, 722), (667, 778), (722, 834), (778, 890), (834, 945), (890, 1001), (945, 1056), (1001, 1112), (1056, 1167), (1112, 1223), (1167, 1279), (1223, 1335), (1279, 1390), (1335, 1446), (1390, 1501), (1446, 1557), (1501, 1612), (1557, 1668), (1612, 1724), (1668, 1780), (1724, 1835), (1780, 1891), (1835, 1946), (1891, 2002), (1946, 2057), (2002, 2113), (2057, 2169), (2113, 2225), (2169, 2280), (2225, 2336), (2280, 2391), (2336, 2447), (2391, 2503), (2447, 2559)], [(0, 102), (51, 153), (102, 204), (153, 255), (204, 307), (255, 358), (307, 409), (358, 460), (409, 511), (460, 562), (511, 614), (562, 665), (614, 716), (665, 767), (716, 818), (767, 869), (818, 921), (869, 972), (921, 1023), (972, 1074), (1023, 1125), (1074, 1176), (1125, 1228), (1176, 1279), (1228, 1330), (1279, 1381), (1330, 1433), (1381, 1484), (1433, 1535), (1484, 1586), (1535, 1637), (1586, 1688), (1637, 1740), (1688, 1791), (1740, 1842), (1791, 1893), (1842, 1944), (1893, 1995), (1944, 2047), (1995, 2098), (2047, 2149), (2098, 2200), (2149, 2251), (2200, 2302), (2251, 2354), (2302, 2405), (2354, 2456), (2405, 2507), (2456, 2559)], [(0, 91), (45, 136), (91, 182), (136, 228), (182, 274), (228, 319), (274, 365), (319, 410), (365, 456), (410, 502), (456, 548), (502, 593), (548, 639), (593, 685), (639, 731), (685, 776), (731, 822), (776, 867), (822, 913), (867, 959), (913, 1005), (959, 1050), (1005, 1096), (1050, 1142), (1096, 1188), (1142, 1233), (1188, 1279), (1233, 1324), (1279, 1370), (1324, 1416), (1370, 1462), (1416, 1507), (1462, 1553), (1507, 1599), (1553, 1645), (1599, 1690), (1645, 1736), (1690, 1781), (1736, 1827), (1781, 1873), (1827, 1919), (1873, 1964), (1919, 2010), (1964, 2056), (2010, 2102), (2056, 2147), (2102, 2193), (2147, 2238), (2193, 2284), (2238, 2330), (2284, 2376), (2330, 2421), (2376, 2467), (2421, 2513), (2467, 2559)], [(0, 85), (42, 127), (85, 170), (127, 212), (170, 255), (212, 298), (255, 341), (298, 383), (341, 426), (383, 468), (426, 511), (468, 554), (511, 597), (554, 639), (597, 682), (639, 724), (682, 767), (724, 810), (767, 853), (810, 895), (853, 938), (895, 980), (938, 1023), (980, 1065), (1023, 1108), (1065, 1151), (1108, 1194), (1151, 1236), (1194, 1279), (1236, 1321), (1279, 1364), (1321, 1407), (1364, 1450), (1407, 1492), (1450, 1535), (1492, 1577), (1535, 1620), (1577, 1663), (1620, 1706), (1663, 1748), (1706, 1791), (1748, 1833), (1791, 1876), (1833, 1918), (1876, 1961), (1918, 2004), (1961, 2047), (2004, 2089), (2047, 2132), (2089, 2174), (2132, 2217), (2174, 2260), (2217, 2303), (2260, 2345), (2303, 2388), (2345, 2430), (2388, 2473), (2430, 2516), (2473, 2559)], [(0, 77), (38, 116), (77, 155), (116, 193), (155, 232), (193, 271), (232, 310), (271, 348), (310, 387), (348, 426), (387, 465), (426, 503), (465, 542), (503, 581), (542, 620), (581, 658), (620, 697), (658, 736), (697, 775), (736, 814), (775, 853), (814, 891), (853, 930), (891, 969), (930, 1008), (969, 1046), (1008, 1085), (1046, 1124), (1085, 1163), (1124, 1201), (1163, 1240), (1201, 1279), (1240, 1318), (1279, 1356), (1318, 1395), (1356, 1434), (1395, 1473), (1434, 1511), (1473, 1550), (1511, 1589), (1550, 1628), (1589, 1667), (1628, 1706), (1667, 1744), (1706, 1783), (1744, 1822), (1783, 1861), (1822, 1899), (1861, 1938), (1899, 1977), (1938, 2016), (1977, 2054), (2016, 2093), (2054, 2132), (2093, 2171), (2132, 2209), (2171, 2248), (2209, 2287), (2248, 2326), (2287, 2364), (2326, 2403), (2364, 2442), (2403, 2481), (2442, 2520), (2481, 2559)], [(0, 73), (36, 109), (73, 146), (109, 182), (146, 219), (182, 255), (219, 292), (255, 328), (292, 365), (328, 401), (365, 438), (401, 474), (438, 511), (474, 547), (511, 584), (547, 621), (584, 658), (621, 694), (658, 731), (694, 767), (731, 804), (767, 840), (804, 877), (840, 913), (877, 950), (913, 986), (950, 1023), (986, 1059), (1023, 1096), (1059, 1132), (1096, 1169), (1132, 1205), (1169, 1242), (1205, 1279), (1242, 1316), (1279, 1352), (1316, 1389), (1352, 1425), (1389, 1462), (1425, 1498), (1462, 1535), (1498, 1571), (1535, 1608), (1571, 1644), (1608, 1681), (1644, 1717), (1681, 1754), (1717, 1790), (1754, 1827), (1790, 1863), (1827, 1900), (1863, 1937), (1900, 1974), (1937, 2010), (1974, 2047), (2010, 2083), (2047, 2120), (2083, 2156), (2120, 2193), (2156, 2229), (2193, 2266), (2229, 2302), (2266, 2339), (2302, 2375), (2339, 2412), (2375, 2448), (2412, 2485), (2448, 2522), (2485, 2559)]]","[True, True, True, True, True, True, True, True, True, True, True]","[0.06788743475727417, 0.06423739930319267, 0.06503732331234437, 0.06946244874541513, 0.07139608553838757, 0.06790695490060848, 0.06860684133325004, 0.06532819413478692, 0.06424830119212253, 0.06720947760050866, 0.06428362813655213]",0.06687309899585842,"[0.4397388159796993, 0.3852000724933868, 0.3956082065733618, 0.46718499164749006, 0.43424940908234166, 0.4955114768281596, 0.5211186445759226, 0.5983851507385234, 0.6140667660445469, 0.600247374265681, 0.6374499273974645]",0.5080691668751435,"[[ 0.2358445 ,  0.23437145,  0.26329249,  0.26469651,  0.25579941,
        0.25975229,  0.22092428,  0.23775759,  0.25813379,  0.23496458,
        0.05630828, -0.00475053,  0.05949217,  0.02299506, -0.00823656,
        0.01176491,  0.01568912,  0.04440787, -0.01577769], [0.17860925, 0.16623289, 0.15281438, 0.11233657, 0.1507486 ,
       0.12399932, 0.10721309, 0.17165774, 0.15637353, 0.15386465,
       0.20023022, 0.17417473, 0.18844816, 0.04138231, 0.03525178,
       0.03288171, 0.01968293, 0.03437942, 0.04580229, 0.02010413,
       0.04226388, 0.05091256, 0.05616128, 0.04384456, 0.00071843], [ 0.18068422,  0.16954113,  0.15796876,  0.14979364,  0.08180947,
        0.08594106,  0.09668073,  0.14900655,  0.13887379,  0.16286971,
        0.14700181,  0.16963327,  0.17188922,  0.14325043,  0.13017332,
       -0.0182741 ,  0.04822342,  0.0308861 ,  0.03406377,  0.02386275,
        0.01963016,  0.00351268,  0.02211339,  0.03744986,  0.0276601 ,
        0.01532419,  0.03745042,  0.02750414, -0.01771605], [0.18208301, 0.22701498, 0.19711325, 0.18700957, 0.16267068,
       0.09911793, 0.07360962, 0.06924112, 0.05607658, 0.13163605,
       0.11356092, 0.17471172, 0.1561889 , 0.16646598, 0.17605703,
       0.19225533, 0.1651762 , 0.11009348, 0.08250163, 0.08723762,
       0.02171814, 0.03282316, 0.02389553, 0.02330581, 0.05866884,
       0.01538882, 0.0026134 , 0.02071153, 0.01707967, 0.04250381,
       0.02986926, 0.0240603 , 0.01653117, 0.01221873, 0.02032364], [0.14413228, 0.15250476, 0.15737892, 0.1446205 , 0.1333077 ,
       0.07886459, 0.11212541, 0.06700801, 0.05714936, 0.07727039,
       0.1305205 , 0.09067858, 0.1122715 , 0.11421526, 0.07539855,
       0.15418421, 0.1539643 , 0.16246694, 0.13050945, 0.12579977,
       0.06155774, 0.12545749, 0.07656689, 0.03963037, 0.0316611 ,
       0.03021594, 0.04635625, 0.04237514, 0.02956751, 0.00444073,
       0.02523018, 0.05074448, 0.0253304 , 0.0431436 , 0.01161346,
       0.0242005 , 0.00878484, 0.01511862, 0.00643627], [ 0.12907327,  0.175533  ,  0.18882053,  0.12800386,  0.12892889,
        0.12578813,  0.10024437,  0.10533596,  0.13274097,  0.06727449,
        0.09419809,  0.02225138,  0.06314468,  0.07360864,  0.11155164,
        0.16077711,  0.12000518,  0.07360684,  0.14603169,  0.15516978,
        0.11976906,  0.1153731 ,  0.09717163,  0.07741439,  0.1004508 ,
        0.0584805 ,  0.01101067,  0.01899586,  0.02683464,  0.0271416 ,
        0.01827733,  0.02760853,  0.0138572 ,  0.03925845, -0.01082002,
       -0.00239415,  0.03849836,  0.04006388,  0.02250007,  0.03079661,
        0.04221186,  0.02527518,  0.0266207 ,  0.04734325, -0.0240223 ], [ 0.11827532,  0.19805566,  0.18921305,  0.12940562,  0.10383582,
        0.12792729,  0.06719538,  0.07340711,  0.07135892,  0.10576374,
        0.07453207,  0.04871093,  0.0380426 ,  0.0764035 ,  0.06101373,
        0.10420237,  0.17777909,  0.08563131,  0.08845199,  0.14259494,
        0.10255713,  0.14587782,  0.11465191,  0.09699017,  0.09056712,
        0.03508984,  0.07167961,  0.10505328,  0.04842319,  0.05760043,
        0.0343443 ,  0.01585619,  0.01549321,  0.0620098 ,  0.00742752,
       -0.00393859,  0.01088471,  0.04516957,  0.03511589,  0.04169489,
        0.08076777,  0.01413557,  0.0297832 ,  0.03593152,  0.01926684,
        0.01257243,  0.02840829,  0.01868245,  0.02721995], [ 0.1268533 ,  0.14835503,  0.22050987,  0.1761694 ,  0.14356054,
        0.11596492,  0.12417609,  0.11564067,  0.07839397,  0.05643644,
        0.14074038,  0.06709612,  0.10217351,  0.0395258 ,  0.08548522,
        0.00888294,  0.12185081,  0.06806013,  0.17630655,  0.07927588,
        0.13557127,  0.08271585,  0.15653894,  0.1240782 ,  0.11625855,
        0.1121262 ,  0.11775899,  0.09055226,  0.07846555,  0.08900443,
        0.07038806,  0.0758347 ,  0.03837031,  0.02579301,  0.01597373,
       -0.00175086,  0.02722656,  0.05320049,  0.02383515,  0.0500695 ,
        0.04622024,  0.03123294,  0.05779795,  0.02783739,  0.06112065,
        0.07243995,  0.01792471,  0.01053099,  0.04626538, -0.00603162,
        0.02801889,  0.02443781, -0.00216797,  0.01114464,  0.01691652], [ 0.1130653 ,  0.19102746,  0.22635256,  0.20952549,  0.11257855,
        0.11511342,  0.12790696,  0.05799959,  0.09502588,  0.04549035,
        0.07060794,  0.14130612,  0.06449892,  0.09600163,  0.03208999,
        0.07031425,  0.01612692,  0.08745775,  0.11720867,  0.14287456,
        0.18086797,  0.08146466,  0.08413021,  0.174504  ,  0.12272177,
        0.12418185,  0.0839131 ,  0.09571362,  0.09616714,  0.09738626,
        0.11217185,  0.06553168,  0.0705251 ,  0.07745673,  0.04459994,
        0.05548049,  0.01499269,  0.03886343,  0.02608023,  0.04731979,
        0.04841751,  0.04527823,  0.00361908,  0.0342793 ,  0.03853427,
        0.01667359,  0.03610067,  0.04130709,  0.01149468,  0.02554485,
       -0.00423877,  0.03816589,  0.03583364,  0.02373226,  0.01978781,
        0.01993204,  0.02285859, -0.00472535,  0.01764683], [ 0.10816767,  0.14034717,  0.22019094,  0.19504838,  0.14874642,
        0.09152033,  0.0883493 ,  0.11200434,  0.09967769,  0.08798668,
        0.05824528,  0.06704767,  0.08747248,  0.06675807,  0.0472697 ,
        0.04738676,  0.04039633,  0.04007145,  0.03556126,  0.08851861,
        0.08722059,  0.13652946,  0.12142442,  0.11514654,  0.12011943,
        0.12977972,  0.15405521,  0.11551271,  0.07357789,  0.08578249,
        0.10886527,  0.07402113,  0.03538729,  0.07910538,  0.0503697 ,
        0.04401002,  0.07417835,  0.0215682 ,  0.02560157,  0.05072389,
        0.04626714,  0.03760834, -0.01752827,  0.03553796,  0.01427808,
        0.03843976,  0.01822189,  0.03553347,  0.01148957,  0.01449991,
        0.01222019,  0.03947702,  0.02540195,  0.03191549,  0.01661642,
        0.00088017,  0.00421593,  0.05172102,  0.00754155,  0.03845183,
        0.02283178,  0.02572271,  0.02738773, -0.0245978 , -0.02802778], [ 0.08507824,  0.17936367,  0.14214727,  0.24688546,  0.14630082,
        0.0830365 ,  0.06503574,  0.10909665,  0.11785493,  0.08393543,
        0.08468932,  0.06694414,  0.06197053,  0.09501757,  0.02826381,
        0.08736094,  0.06316064,  0.05790197,  0.01635548,  0.00341367,
        0.07389662,  0.13820963,  0.11183734,  0.14879961,  0.10841186,
        0.0965158 ,  0.08788585,  0.11817625,  0.12900105,  0.08551538,
        0.12272352,  0.08472717,  0.0655089 ,  0.08704338,  0.07861168,
        0.07490536,  0.08530223,  0.04184019,  0.02160774,  0.0450046 ,
        0.03573009,  0.03893687,  0.01416449,  0.01897978,  0.0083153 ,
        0.00208537,  0.02404449,  0.05795192,  0.03903729,  0.0097083 ,
        0.03791346,  0.0186946 ,  0.02734728,  0.0425984 ,  0.04585218,
        0.01530208,  0.04578196,  0.00385002,  0.00687066,  0.01389038,
        0.0181819 ,  0.03904534,  0.07209998,  0.02795823,  0.03858498,
        0.00277903,  0.01520511,  0.00681296, -0.00755372]]"
