,correct after perturbations %,audio name,normalized,origConf,avgPertConf,binMethod,numBins,binEdges,overlapping,sigma,mse,mse avg,r2,r2 avg,coefs
0,"[0.4441852715761413, 0.42085971342885703, 0.433188937020993, 0.4265244918360547, 0.41552815728090636, 0.41319560146617795, 0.41886037987337554, 0.43052315894701765, 0.4265244918360547, 0.4288570476507831, 0.42019326891036324]",audio/speech_commands/cat/9f869f70_nohash_0.wav,"[20000, 20000, 20000, 20000, 20000, 20000, 20000, 20000, 20000, 20000, 20000]","[1.0, 1.0, 1.0, 1.0, 1.0, 1.0, 1.0, 1.0, 1.0, 1.0, 1.0]","[0.433, 0.4053, 0.4192, 0.4106, 0.4006, 0.3977, 0.4065, 0.4172, 0.4124, 0.4158, 0.4045]","['EVEN', 'EVEN', 'EVEN', 'EVEN', 'EVEN', 'EVEN', 'EVEN', 'EVEN', 'EVEN', 'EVEN', 'EVEN']","[50, 50, 50, 50, 50, 50, 50, 50, 50, 50, 50]","[[[0, 51], [51, 102], [102, 153], [153, 204], [204, 255], [255, 307], [307, 358], [358, 409], [409, 460], [460, 511], [511, 562], [562, 614], [614, 665], [665, 716], [716, 767], [767, 818], [818, 870], [870, 921], [921, 972], [972, 1023], [1023, 1074], [1074, 1125], [1125, 1177], [1177, 1228], [1228, 1279], [1279, 1330], [1330, 1381], [1381, 1433], [1433, 1484], [1484, 1535], [1535, 1586], [1586, 1637], [1637, 1688], [1688, 1740], [1740, 1791], [1791, 1842], [1842, 1893], [1893, 1944], [1944, 1996], [1996, 2047], [2047, 2098], [2098, 2149], [2149, 2200], [2200, 2251], [2251, 2303], [2303, 2354], [2354, 2405], [2405, 2456], [2456, 2507], [2507, 2559]], [[0, 51], [51, 102], [102, 153], [153, 204], [204, 255], [255, 307], [307, 358], [358, 409], [409, 460], [460, 511], [511, 562], [562, 614], [614, 665], [665, 716], [716, 767], [767, 818], [818, 870], [870, 921], [921, 972], [972, 1023], [1023, 1074], [1074, 1125], [1125, 1177], [1177, 1228], [1228, 1279], [1279, 1330], [1330, 1381], [1381, 1433], [1433, 1484], [1484, 1535], [1535, 1586], [1586, 1637], [1637, 1688], [1688, 1740], [1740, 1791], [1791, 1842], [1842, 1893], [1893, 1944], [1944, 1996], [1996, 2047], [2047, 2098], [2098, 2149], [2149, 2200], [2200, 2251], [2251, 2303], [2303, 2354], [2354, 2405], [2405, 2456], [2456, 2507], [2507, 2559]], [[0, 51], [51, 102], [102, 153], [153, 204], [204, 255], [255, 307], [307, 358], [358, 409], [409, 460], [460, 511], [511, 562], [562, 614], [614, 665], [665, 716], [716, 767], [767, 818], [818, 870], [870, 921], [921, 972], [972, 1023], [1023, 1074], [1074, 1125], [1125, 1177], [1177, 1228], [1228, 1279], [1279, 1330], [1330, 1381], [1381, 1433], [1433, 1484], [1484, 1535], [1535, 1586], [1586, 1637], [1637, 1688], [1688, 1740], [1740, 1791], [1791, 1842], [1842, 1893], [1893, 1944], [1944, 1996], [1996, 2047], [2047, 2098], [2098, 2149], [2149, 2200], [2200, 2251], [2251, 2303], [2303, 2354], [2354, 2405], [2405, 2456], [2456, 2507], [2507, 2559]], [[0, 51], [51, 102], [102, 153], [153, 204], [204, 255], [255, 307], [307, 358], [358, 409], [409, 460], [460, 511], [511, 562], [562, 614], [614, 665], [665, 716], [716, 767], [767, 818], [818, 870], [870, 921], [921, 972], [972, 1023], [1023, 1074], [1074, 1125], [1125, 1177], [1177, 1228], [1228, 1279], [1279, 1330], [1330, 1381], [1381, 1433], [1433, 1484], [1484, 1535], [1535, 1586], [1586, 1637], [1637, 1688], [1688, 1740], [1740, 1791], [1791, 1842], [1842, 1893], [1893, 1944], [1944, 1996], [1996, 2047], [2047, 2098], [2098, 2149], [2149, 2200], [2200, 2251], [2251, 2303], [2303, 2354], [2354, 2405], [2405, 2456], [2456, 2507], [2507, 2559]], [[0, 51], [51, 102], [102, 153], [153, 204], [204, 255], [255, 307], [307, 358], [358, 409], [409, 460], [460, 511], [511, 562], [562, 614], [614, 665], [665, 716], [716, 767], [767, 818], [818, 870], [870, 921], [921, 972], [972, 1023], [1023, 1074], [1074, 1125], [1125, 1177], [1177, 1228], [1228, 1279], [1279, 1330], [1330, 1381], [1381, 1433], [1433, 1484], [1484, 1535], [1535, 1586], [1586, 1637], [1637, 1688], [1688, 1740], [1740, 1791], [1791, 1842], [1842, 1893], [1893, 1944], [1944, 1996], [1996, 2047], [2047, 2098], [2098, 2149], [2149, 2200], [2200, 2251], [2251, 2303], [2303, 2354], [2354, 2405], [2405, 2456], [2456, 2507], [2507, 2559]], [[0, 51], [51, 102], [102, 153], [153, 204], [204, 255], [255, 307], [307, 358], [358, 409], [409, 460], [460, 511], [511, 562], [562, 614], [614, 665], [665, 716], [716, 767], [767, 818], [818, 870], [870, 921], [921, 972], [972, 1023], [1023, 1074], [1074, 1125], [1125, 1177], [1177, 1228], [1228, 1279], [1279, 1330], [1330, 1381], [1381, 1433], [1433, 1484], [1484, 1535], [1535, 1586], [1586, 1637], [1637, 1688], [1688, 1740], [1740, 1791], [1791, 1842], [1842, 1893], [1893, 1944], [1944, 1996], [1996, 2047], [2047, 2098], [2098, 2149], [2149, 2200], [2200, 2251], [2251, 2303], [2303, 2354], [2354, 2405], [2405, 2456], [2456, 2507], [2507, 2559]], [[0, 51], [51, 102], [102, 153], [153, 204], [204, 255], [255, 307], [307, 358], [358, 409], [409, 460], [460, 511], [511, 562], [562, 614], [614, 665], [665, 716], [716, 767], [767, 818], [818, 870], [870, 921], [921, 972], [972, 1023], [1023, 1074], [1074, 1125], [1125, 1177], [1177, 1228], [1228, 1279], [1279, 1330], [1330, 1381], [1381, 1433], [1433, 1484], [1484, 1535], [1535, 1586], [1586, 1637], [1637, 1688], [1688, 1740], [1740, 1791], [1791, 1842], [1842, 1893], [1893, 1944], [1944, 1996], [1996, 2047], [2047, 2098], [2098, 2149], [2149, 2200], [2200, 2251], [2251, 2303], [2303, 2354], [2354, 2405], [2405, 2456], [2456, 2507], [2507, 2559]], [[0, 51], [51, 102], [102, 153], [153, 204], [204, 255], [255, 307], [307, 358], [358, 409], [409, 460], [460, 511], [511, 562], [562, 614], [614, 665], [665, 716], [716, 767], [767, 818], [818, 870], [870, 921], [921, 972], [972, 1023], [1023, 1074], [1074, 1125], [1125, 1177], [1177, 1228], [1228, 1279], [1279, 1330], [1330, 1381], [1381, 1433], [1433, 1484], [1484, 1535], [1535, 1586], [1586, 1637], [1637, 1688], [1688, 1740], [1740, 1791], [1791, 1842], [1842, 1893], [1893, 1944], [1944, 1996], [1996, 2047], [2047, 2098], [2098, 2149], [2149, 2200], [2200, 2251], [2251, 2303], [2303, 2354], [2354, 2405], [2405, 2456], [2456, 2507], [2507, 2559]], [[0, 51], [51, 102], [102, 153], [153, 204], [204, 255], [255, 307], [307, 358], [358, 409], [409, 460], [460, 511], [511, 562], [562, 614], [614, 665], [665, 716], [716, 767], [767, 818], [818, 870], [870, 921], [921, 972], [972, 1023], [1023, 1074], [1074, 1125], [1125, 1177], [1177, 1228], [1228, 1279], [1279, 1330], [1330, 1381], [1381, 1433], [1433, 1484], [1484, 1535], [1535, 1586], [1586, 1637], [1637, 1688], [1688, 1740], [1740, 1791], [1791, 1842], [1842, 1893], [1893, 1944], [1944, 1996], [1996, 2047], [2047, 2098], [2098, 2149], [2149, 2200], [2200, 2251], [2251, 2303], [2303, 2354], [2354, 2405], [2405, 2456], [2456, 2507], [2507, 2559]], [[0, 51], [51, 102], [102, 153], [153, 204], [204, 255], [255, 307], [307, 358], [358, 409], [409, 460], [460, 511], [511, 562], [562, 614], [614, 665], [665, 716], [716, 767], [767, 818], [818, 870], [870, 921], [921, 972], [972, 1023], [1023, 1074], [1074, 1125], [1125, 1177], [1177, 1228], [1228, 1279], [1279, 1330], [1330, 1381], [1381, 1433], [1433, 1484], [1484, 1535], [1535, 1586], [1586, 1637], [1637, 1688], [1688, 1740], [1740, 1791], [1791, 1842], [1842, 1893], [1893, 1944], [1944, 1996], [1996, 2047], [2047, 2098], [2098, 2149], [2149, 2200], [2200, 2251], [2251, 2303], [2303, 2354], [2354, 2405], [2405, 2456], [2456, 2507], [2507, 2559]], [[0, 51], [51, 102], [102, 153], [153, 204], [204, 255], [255, 307], [307, 358], [358, 409], [409, 460], [460, 511], [511, 562], [562, 614], [614, 665], [665, 716], [716, 767], [767, 818], [818, 870], [870, 921], [921, 972], [972, 1023], [1023, 1074], [1074, 1125], [1125, 1177], [1177, 1228], [1228, 1279], [1279, 1330], [1330, 1381], [1381, 1433], [1433, 1484], [1484, 1535], [1535, 1586], [1586, 1637], [1637, 1688], [1688, 1740], [1740, 1791], [1791, 1842], [1842, 1893], [1893, 1944], [1944, 1996], [1996, 2047], [2047, 2098], [2098, 2149], [2149, 2200], [2200, 2251], [2251, 2303], [2303, 2354], [2354, 2405], [2405, 2456], [2456, 2507], [2507, 2559]]]","[False, False, False, False, False, False, False, False, False, False, False]","[0.7012117039711927, 0.25, 0.5, 0.75, 1, 1.4142135623730951, 1.5, 2, 2.5, 3, 5]","[0.06538091715759765, 0.011487540541659026, 0.04870415012227066, 0.0750083482808716, 0.09082416217207605, 0.0989798303947264, 0.10208481838900559, 0.10847131126119751, 0.10612702804351681, 0.10138253079032279, 0.10939542297693078]",0.08344055092092498,"[0.6548079122849706, 0.6697137225795116, 0.6742165123908911, 0.6381655639306066, 0.5947691829716781, 0.5655489018483978, 0.5503851331510596, 0.5207449726044471, 0.5300851953137498, 0.5488567239975102, 0.5019857990760972]",0.5862981472862654,"[array([ 0.1043769 ,  0.26474762,  0.11648101,  0.09332014,  0.10498253,
        0.01936804,  0.02685637,  0.07609808,  0.41485071,  0.21416858,
        0.62542085,  0.66019382,  0.47921417,  0.49398608,  0.21271341,
        0.05005478,  0.03649498,  0.10949969,  0.19357085,  0.11139475,
        0.05392834,  0.22462086,  0.17016858,  0.05461942,  0.06601037,
       -0.01806483, -0.02892568,  0.01143067, -0.03267634, -0.02886068,
       -0.00439311, -0.04357336,  0.00294694, -0.01850983, -0.04205311,
       -0.02223248, -0.00811305, -0.02946557, -0.01515207,  0.02702794,
       -0.0328758 ,  0.03449045, -0.01310221, -0.0213403 , -0.02208023,
       -0.04181896,  0.00705363,  0.05658098, -0.00200433, -0.0128294 ]), array([ 2.18767042e-02,  1.08533031e-01,  4.29237937e-02,  5.61637234e-02,
        1.65134945e-03, -2.33062025e-04,  5.96130477e-03,  7.53886896e-02,
        5.86084708e-01,  9.40123686e-02,  6.95348891e-01,  6.64808701e-01,
        6.75475331e-05,  2.69825205e-09,  3.45446232e-11,  5.05043689e-04,
        1.83305641e-04,  1.28678192e-02,  8.81645299e-02,  3.04712246e-02,
        4.59044522e-02,  2.02722826e-01,  1.43880273e-01,  3.44787646e-02,
        5.80914131e-02, -5.96837191e-03,  1.52892031e-04, -5.72896383e-03,
       -2.07977109e-02, -3.49571448e-03, -5.95744805e-03,  5.18126509e-03,
        5.35802515e-03,  6.66880831e-03, -3.12133703e-03, -1.18054194e-02,
       -4.51195341e-03, -5.04895741e-03,  2.02426410e-03, -1.07381969e-02,
       -1.31631617e-02,  1.35061666e-03,  1.36504764e-02, -6.65095707e-03,
       -6.64550380e-03, -2.92283144e-02,  2.16435160e-02,  3.74143447e-03,
       -7.13847144e-03,  2.56810869e-03]), array([ 0.09232228,  0.24753679,  0.13750322,  0.10066085,  0.09526509,
       -0.0053088 , -0.01359631,  0.08379404,  0.60563516,  0.19551863,
        0.70726324,  0.70259775,  0.42582278,  0.15438581,  0.03604657,
        0.07878689,  0.01432754,  0.12077362,  0.10422284,  0.08197205,
        0.11007339,  0.22541054,  0.15092402,  0.05750864,  0.06460095,
       -0.0026815 ,  0.00263429, -0.01595198, -0.00470567, -0.00655314,
       -0.00131462,  0.00656679, -0.01524183, -0.02514199, -0.05778532,
       -0.02159977, -0.02302656, -0.02592399, -0.00811223, -0.00435839,
       -0.0117115 ,  0.01804672, -0.01872626, -0.00103993,  0.00810799,
        0.00785198, -0.01196422, -0.04223373,  0.01770619, -0.01090408]), array([ 0.11798589,  0.25917018,  0.13909592,  0.10816952,  0.11723189,
        0.01639931,  0.00184759,  0.09544094,  0.48430604,  0.22062298,
        0.55813071,  0.59326129,  0.41897804,  0.41865161,  0.19767062,
        0.05846294, -0.01120885,  0.0637627 ,  0.118779  ,  0.11294304,
        0.05311813,  0.16308075,  0.19951317,  0.02771389,  0.07486982,
       -0.05053693,  0.01068236, -0.00407819,  0.01065197, -0.02697364,
        0.02101311, -0.01689496,  0.00088685, -0.01930278, -0.03939635,
        0.00989855, -0.0372468 , -0.02635659, -0.02316903,  0.0210927 ,
       -0.01191859, -0.0054956 ,  0.00240437, -0.03942725, -0.0213206 ,
       -0.02850535, -0.0139891 ,  0.03830718,  0.00784416,  0.00065975]), array([ 0.10744451,  0.25598795,  0.12035392,  0.13839952,  0.13411024,
        0.04946468,  0.02259825,  0.09255127,  0.35438599,  0.20950624,
        0.51507776,  0.5064483 ,  0.42075157,  0.38966386,  0.23341261,
        0.10120094,  0.00421446,  0.08379198,  0.14479348,  0.09285787,
        0.04504093,  0.21099796,  0.16377962,  0.05810635,  0.05625044,
       -0.01857109,  0.00081257, -0.02251182,  0.01583031, -0.05270749,
       -0.01336915, -0.01094442,  0.01868271,  0.01464865, -0.04747947,
        0.00138057, -0.03756879, -0.02272916, -0.0282465 ,  0.00843646,
       -0.01940239,  0.00488988, -0.02338591, -0.00500297,  0.02278833,
        0.00350797,  0.01545422,  0.00631252,  0.00692658, -0.02411356]), array([ 0.08840613,  0.25897376,  0.09426578,  0.13183864,  0.11178232,
        0.04728984,  0.01278955,  0.06809207,  0.28909549,  0.17513806,
        0.44555957,  0.39217317,  0.27122604,  0.36455001,  0.21336393,
        0.06926388,  0.03691158,  0.12272649,  0.14485889,  0.11460598,
        0.08285132,  0.19149262,  0.12936352,  0.08120372,  0.04455117,
       -0.0128656 ,  0.00487593,  0.00425296, -0.00453553,  0.02287593,
       -0.00203194, -0.00137764,  0.04416229, -0.03556263, -0.03111469,
       -0.02949712,  0.03816205, -0.03429217,  0.02332846,  0.01454347,
        0.00210414,  0.02602725, -0.03417727,  0.00418181, -0.00818565,
       -0.03130618,  0.0315304 ,  0.0175257 , -0.0490475 ,  0.01389908]), array([ 6.60906734e-02,  2.23915158e-01,  9.83668266e-02,  1.15220555e-01,
        1.45334906e-01,  2.01424013e-02,  2.70595229e-02,  2.89483809e-02,
        2.84332799e-01,  2.21517804e-01,  4.29407499e-01,  4.01486893e-01,
        2.92768571e-01,  3.69372114e-01,  2.10978933e-01,  9.39576150e-02,
       -2.57312921e-03,  9.49615782e-02,  1.66676555e-01,  1.01751474e-01,
        1.00413158e-01,  1.75384787e-01,  1.56566931e-01,  4.16949295e-02,
        5.11188465e-02,  7.56017801e-03,  3.24716148e-02, -9.39556302e-03,
        6.73011908e-03, -4.43759789e-02,  4.16562724e-04, -1.55873648e-02,
        1.13781631e-02, -4.22580281e-04,  1.12577053e-03, -2.61255001e-02,
        3.53942409e-02, -9.86328963e-03, -1.75418039e-02,  5.37778443e-02,
        1.45099521e-02,  6.53646721e-03,  5.88182357e-02, -5.04359281e-02,
        1.87564716e-02, -8.31667625e-03,  7.51667157e-03,  2.09518226e-02,
       -1.04181870e-02,  7.95391388e-03]), array([ 0.11767197,  0.18978569,  0.12634771,  0.12703489,  0.1393305 ,
        0.05915818,  0.03193851,  0.080122  ,  0.2730832 ,  0.16928281,
        0.37487104,  0.36434349,  0.2865018 ,  0.30262096,  0.18656637,
        0.07968009,  0.05741502,  0.06812135,  0.12368909,  0.12695264,
        0.08447536,  0.17191648,  0.13547137,  0.01050747,  0.06171476,
       -0.00969777,  0.01511473,  0.0132677 , -0.01032238, -0.01472364,
        0.04377643, -0.01669511,  0.03819856,  0.00155401,  0.00876242,
        0.00824557, -0.01642304, -0.01583814, -0.03891592,  0.01215976,
       -0.02137866,  0.03125951, -0.00339689, -0.02877785,  0.02810494,
       -0.01467482,  0.00091068,  0.02438959, -0.01820745,  0.03852827]), array([ 0.09294856,  0.22056605,  0.10616585,  0.13307681,  0.13878206,
        0.03716092, -0.00161245,  0.06415293,  0.26700727,  0.18977663,
        0.3549743 ,  0.34558675,  0.25211889,  0.31919792,  0.21638939,
        0.10198738,  0.00603549,  0.07955023,  0.17037321,  0.11917736,
        0.06245317,  0.17346294,  0.15521523,  0.04043409,  0.08693436,
        0.00925194,  0.00974479,  0.01638469,  0.0245648 ,  0.00397335,
        0.00955488,  0.01287125,  0.00766611, -0.01755459, -0.04733114,
       -0.04039827, -0.0401118 , -0.03100943, -0.0019667 ,  0.028198  ,
       -0.03277191,  0.00613494,  0.03312185,  0.03827536, -0.00465926,
        0.02251733, -0.0062101 ,  0.03623915, -0.00781503,  0.00461845]), array([ 0.11902084,  0.23316956,  0.09613872,  0.10976931,  0.13888024,
        0.0562586 ,  0.0314786 ,  0.07189302,  0.27976105,  0.21075597,
        0.36022435,  0.34962882,  0.28491813,  0.29866621,  0.17348664,
        0.07420507,  0.0405302 ,  0.07078323,  0.10495778,  0.09825548,
        0.09197292,  0.16230744,  0.1507099 ,  0.07751303,  0.02785701,
       -0.0122137 ,  0.0333679 ,  0.01909399,  0.02547347,  0.01100788,
        0.08598324, -0.00123502, -0.01136783,  0.00247219, -0.00729065,
       -0.01438075, -0.02073868, -0.02871189, -0.01741601,  0.03238895,
        0.0023187 ,  0.01214636,  0.00647298,  0.00369988, -0.00696544,
        0.01519192,  0.01616405,  0.04359517, -0.00450453,  0.03548923]), array([ 0.0372253 ,  0.19885848,  0.07476901,  0.09749594,  0.14457378,
        0.05385532,  0.05251836,  0.08543421,  0.26438491,  0.16579591,
        0.38335037,  0.31627273,  0.21449198,  0.33236904,  0.19840353,
        0.13972205,  0.04272331,  0.06563739,  0.11772883,  0.13051714,
        0.07288592,  0.16657603,  0.12423348,  0.0311133 ,  0.054555  ,
       -0.00368543,  0.02795086,  0.01231353, -0.02415407, -0.00479202,
        0.02816878, -0.04942489,  0.01550916,  0.04876693, -0.01794514,
       -0.01210698, -0.0407996 , -0.05657216, -0.00567218,  0.01405226,
       -0.02704585, -0.01041064,  0.02109368,  0.01260395,  0.02050181,
        0.00754423, -0.01993983,  0.01495989, -0.00426682,  0.01776801])]"
1,"[0.5571476174608464, 0.5511496167944019, 0.5618127290903032, 0.5531489503498833, 0.5678107297567477, 0.5234921692769077, 0.5374875041652782, 0.5414861712762412, 0.5344885038320559, 0.5328223925358214, 0.5578140619793402]",audio/speech_commands/cat/f618568f_nohash_0.wav,"[20000, 20000, 20000, 20000, 20000, 20000, 20000, 20000, 20000, 20000, 20000]","[1.0, 1.0, 1.0, 1.0, 1.0, 1.0, 1.0, 1.0, 1.0, 1.0, 1.0]","[0.532, 0.526, 0.534, 0.5303, 0.541, 0.5015, 0.5117, 0.5156, 0.511, 0.5107, 0.533]","['EVEN', 'EVEN', 'EVEN', 'EVEN', 'EVEN', 'EVEN', 'EVEN', 'EVEN', 'EVEN', 'EVEN', 'EVEN']","[50, 50, 50, 50, 50, 50, 50, 50, 50, 50, 50]","[[[0, 51], [51, 102], [102, 153], [153, 204], [204, 255], [255, 307], [307, 358], [358, 409], [409, 460], [460, 511], [511, 562], [562, 614], [614, 665], [665, 716], [716, 767], [767, 818], [818, 870], [870, 921], [921, 972], [972, 1023], [1023, 1074], [1074, 1125], [1125, 1177], [1177, 1228], [1228, 1279], [1279, 1330], [1330, 1381], [1381, 1433], [1433, 1484], [1484, 1535], [1535, 1586], [1586, 1637], [1637, 1688], [1688, 1740], [1740, 1791], [1791, 1842], [1842, 1893], [1893, 1944], [1944, 1996], [1996, 2047], [2047, 2098], [2098, 2149], [2149, 2200], [2200, 2251], [2251, 2303], [2303, 2354], [2354, 2405], [2405, 2456], [2456, 2507], [2507, 2559]], [[0, 51], [51, 102], [102, 153], [153, 204], [204, 255], [255, 307], [307, 358], [358, 409], [409, 460], [460, 511], [511, 562], [562, 614], [614, 665], [665, 716], [716, 767], [767, 818], [818, 870], [870, 921], [921, 972], [972, 1023], [1023, 1074], [1074, 1125], [1125, 1177], [1177, 1228], [1228, 1279], [1279, 1330], [1330, 1381], [1381, 1433], [1433, 1484], [1484, 1535], [1535, 1586], [1586, 1637], [1637, 1688], [1688, 1740], [1740, 1791], [1791, 1842], [1842, 1893], [1893, 1944], [1944, 1996], [1996, 2047], [2047, 2098], [2098, 2149], [2149, 2200], [2200, 2251], [2251, 2303], [2303, 2354], [2354, 2405], [2405, 2456], [2456, 2507], [2507, 2559]], [[0, 51], [51, 102], [102, 153], [153, 204], [204, 255], [255, 307], [307, 358], [358, 409], [409, 460], [460, 511], [511, 562], [562, 614], [614, 665], [665, 716], [716, 767], [767, 818], [818, 870], [870, 921], [921, 972], [972, 1023], [1023, 1074], [1074, 1125], [1125, 1177], [1177, 1228], [1228, 1279], [1279, 1330], [1330, 1381], [1381, 1433], [1433, 1484], [1484, 1535], [1535, 1586], [1586, 1637], [1637, 1688], [1688, 1740], [1740, 1791], [1791, 1842], [1842, 1893], [1893, 1944], [1944, 1996], [1996, 2047], [2047, 2098], [2098, 2149], [2149, 2200], [2200, 2251], [2251, 2303], [2303, 2354], [2354, 2405], [2405, 2456], [2456, 2507], [2507, 2559]], [[0, 51], [51, 102], [102, 153], [153, 204], [204, 255], [255, 307], [307, 358], [358, 409], [409, 460], [460, 511], [511, 562], [562, 614], [614, 665], [665, 716], [716, 767], [767, 818], [818, 870], [870, 921], [921, 972], [972, 1023], [1023, 1074], [1074, 1125], [1125, 1177], [1177, 1228], [1228, 1279], [1279, 1330], [1330, 1381], [1381, 1433], [1433, 1484], [1484, 1535], [1535, 1586], [1586, 1637], [1637, 1688], [1688, 1740], [1740, 1791], [1791, 1842], [1842, 1893], [1893, 1944], [1944, 1996], [1996, 2047], [2047, 2098], [2098, 2149], [2149, 2200], [2200, 2251], [2251, 2303], [2303, 2354], [2354, 2405], [2405, 2456], [2456, 2507], [2507, 2559]], [[0, 51], [51, 102], [102, 153], [153, 204], [204, 255], [255, 307], [307, 358], [358, 409], [409, 460], [460, 511], [511, 562], [562, 614], [614, 665], [665, 716], [716, 767], [767, 818], [818, 870], [870, 921], [921, 972], [972, 1023], [1023, 1074], [1074, 1125], [1125, 1177], [1177, 1228], [1228, 1279], [1279, 1330], [1330, 1381], [1381, 1433], [1433, 1484], [1484, 1535], [1535, 1586], [1586, 1637], [1637, 1688], [1688, 1740], [1740, 1791], [1791, 1842], [1842, 1893], [1893, 1944], [1944, 1996], [1996, 2047], [2047, 2098], [2098, 2149], [2149, 2200], [2200, 2251], [2251, 2303], [2303, 2354], [2354, 2405], [2405, 2456], [2456, 2507], [2507, 2559]], [[0, 51], [51, 102], [102, 153], [153, 204], [204, 255], [255, 307], [307, 358], [358, 409], [409, 460], [460, 511], [511, 562], [562, 614], [614, 665], [665, 716], [716, 767], [767, 818], [818, 870], [870, 921], [921, 972], [972, 1023], [1023, 1074], [1074, 1125], [1125, 1177], [1177, 1228], [1228, 1279], [1279, 1330], [1330, 1381], [1381, 1433], [1433, 1484], [1484, 1535], [1535, 1586], [1586, 1637], [1637, 1688], [1688, 1740], [1740, 1791], [1791, 1842], [1842, 1893], [1893, 1944], [1944, 1996], [1996, 2047], [2047, 2098], [2098, 2149], [2149, 2200], [2200, 2251], [2251, 2303], [2303, 2354], [2354, 2405], [2405, 2456], [2456, 2507], [2507, 2559]], [[0, 51], [51, 102], [102, 153], [153, 204], [204, 255], [255, 307], [307, 358], [358, 409], [409, 460], [460, 511], [511, 562], [562, 614], [614, 665], [665, 716], [716, 767], [767, 818], [818, 870], [870, 921], [921, 972], [972, 1023], [1023, 1074], [1074, 1125], [1125, 1177], [1177, 1228], [1228, 1279], [1279, 1330], [1330, 1381], [1381, 1433], [1433, 1484], [1484, 1535], [1535, 1586], [1586, 1637], [1637, 1688], [1688, 1740], [1740, 1791], [1791, 1842], [1842, 1893], [1893, 1944], [1944, 1996], [1996, 2047], [2047, 2098], [2098, 2149], [2149, 2200], [2200, 2251], [2251, 2303], [2303, 2354], [2354, 2405], [2405, 2456], [2456, 2507], [2507, 2559]], [[0, 51], [51, 102], [102, 153], [153, 204], [204, 255], [255, 307], [307, 358], [358, 409], [409, 460], [460, 511], [511, 562], [562, 614], [614, 665], [665, 716], [716, 767], [767, 818], [818, 870], [870, 921], [921, 972], [972, 1023], [1023, 1074], [1074, 1125], [1125, 1177], [1177, 1228], [1228, 1279], [1279, 1330], [1330, 1381], [1381, 1433], [1433, 1484], [1484, 1535], [1535, 1586], [1586, 1637], [1637, 1688], [1688, 1740], [1740, 1791], [1791, 1842], [1842, 1893], [1893, 1944], [1944, 1996], [1996, 2047], [2047, 2098], [2098, 2149], [2149, 2200], [2200, 2251], [2251, 2303], [2303, 2354], [2354, 2405], [2405, 2456], [2456, 2507], [2507, 2559]], [[0, 51], [51, 102], [102, 153], [153, 204], [204, 255], [255, 307], [307, 358], [358, 409], [409, 460], [460, 511], [511, 562], [562, 614], [614, 665], [665, 716], [716, 767], [767, 818], [818, 870], [870, 921], [921, 972], [972, 1023], [1023, 1074], [1074, 1125], [1125, 1177], [1177, 1228], [1228, 1279], [1279, 1330], [1330, 1381], [1381, 1433], [1433, 1484], [1484, 1535], [1535, 1586], [1586, 1637], [1637, 1688], [1688, 1740], [1740, 1791], [1791, 1842], [1842, 1893], [1893, 1944], [1944, 1996], [1996, 2047], [2047, 2098], [2098, 2149], [2149, 2200], [2200, 2251], [2251, 2303], [2303, 2354], [2354, 2405], [2405, 2456], [2456, 2507], [2507, 2559]], [[0, 51], [51, 102], [102, 153], [153, 204], [204, 255], [255, 307], [307, 358], [358, 409], [409, 460], [460, 511], [511, 562], [562, 614], [614, 665], [665, 716], [716, 767], [767, 818], [818, 870], [870, 921], [921, 972], [972, 1023], [1023, 1074], [1074, 1125], [1125, 1177], [1177, 1228], [1228, 1279], [1279, 1330], [1330, 1381], [1381, 1433], [1433, 1484], [1484, 1535], [1535, 1586], [1586, 1637], [1637, 1688], [1688, 1740], [1740, 1791], [1791, 1842], [1842, 1893], [1893, 1944], [1944, 1996], [1996, 2047], [2047, 2098], [2098, 2149], [2149, 2200], [2200, 2251], [2251, 2303], [2303, 2354], [2354, 2405], [2405, 2456], [2456, 2507], [2507, 2559]], [[0, 51], [51, 102], [102, 153], [153, 204], [204, 255], [255, 307], [307, 358], [358, 409], [409, 460], [460, 511], [511, 562], [562, 614], [614, 665], [665, 716], [716, 767], [767, 818], [818, 870], [870, 921], [921, 972], [972, 1023], [1023, 1074], [1074, 1125], [1125, 1177], [1177, 1228], [1228, 1279], [1279, 1330], [1330, 1381], [1381, 1433], [1433, 1484], [1484, 1535], [1535, 1586], [1586, 1637], [1637, 1688], [1688, 1740], [1740, 1791], [1791, 1842], [1842, 1893], [1893, 1944], [1944, 1996], [1996, 2047], [2047, 2098], [2098, 2149], [2149, 2200], [2200, 2251], [2251, 2303], [2303, 2354], [2354, 2405], [2405, 2456], [2456, 2507], [2507, 2559]]]","[False, False, False, False, False, False, False, False, False, False, False]","[0.5434459638993592, 0.25, 0.5, 0.75, 1, 1.4142135623730951, 1.5, 2, 2.5, 3, 5]","[0.06628905834712993, 0.023133626760141014, 0.06122934984345199, 0.07020819601361358, 0.08045681467402262, 0.08248642638299208, 0.08726984623621843, 0.08269866818623148, 0.08456072897591307, 0.08588121294621995, 0.08483888662999775]",0.07355025590872108,"[0.601415880366177, 0.5622804612939234, 0.6047257491119105, 0.641708893790327, 0.6108090399834061, 0.6249047556762883, 0.5963524295701881, 0.6187698065914518, 0.61477646961581, 0.6085416548743469, 0.6101588727053979]",0.6085858194162933,"[array([ 0.17159969,  0.30518964,  0.11346312,  0.33419172,  0.19696703,
        0.07186526,  0.09796271,  0.29593193,  0.163825  ,  0.42696592,
        0.2025377 ,  0.18941881,  0.10743376,  0.0282649 ,  0.05181299,
        0.01747125,  0.0936769 ,  0.2168412 ,  0.19929205,  0.1963217 ,
        0.15491019,  0.23877942,  0.1077167 ,  0.09648234,  0.06177954,
       -0.034463  ,  0.06580693,  0.0218902 ,  0.00891698, -0.04481649,
       -0.00197586,  0.02062707,  0.0358696 ,  0.02278142,  0.02711381,
        0.02646714, -0.00290944,  0.02028654, -0.02670323,  0.0110855 ,
       -0.00941772,  0.02042399,  0.00489089,  0.05693777, -0.00129046,
        0.02979891,  0.01360914,  0.00353859, -0.00453591, -0.01509487]), array([ 7.82123416e-02,  4.44777252e-04,  7.85305033e-02,  2.24487287e-01,
        7.58209456e-02,  5.85960487e-02,  4.71805605e-02,  2.30691870e-01,
        1.46178177e-01,  6.08315606e-01,  1.51272090e-01,  1.03924691e-01,
        1.29694227e-01,  8.51610316e-03,  3.51027691e-02,  2.41596968e-02,
        5.00700710e-02,  9.17463471e-02,  1.07066410e-01,  1.09930420e-01,
        1.19218386e-01,  1.71825586e-01,  6.42910121e-02,  4.58945609e-02,
        5.37753393e-03,  7.64944924e-03,  3.19966308e-02,  1.12965795e-02,
       -9.26559090e-03,  6.21195738e-03, -1.23383535e-02, -1.02366405e-02,
        1.69317806e-02,  1.70947030e-02,  3.57489862e-03, -9.49578199e-03,
       -4.53881082e-03, -9.14486774e-03, -1.72498418e-02, -3.82271349e-03,
       -1.55276919e-02, -4.31575500e-03,  1.21979222e-02,  1.51292783e-02,
        1.52105519e-02, -1.74443204e-03,  2.42189431e-02,  2.86573404e-02,
        1.54637847e-02,  1.92884773e-02]), array([ 1.56042096e-01,  3.01230728e-01,  1.49550963e-01,  3.02219648e-01,
        1.85571886e-01,  7.06198655e-02,  6.61352368e-02,  2.68422546e-01,
        1.88621236e-01,  4.45458030e-01,  2.60968990e-01,  2.88588057e-01,
        1.14949227e-01,  3.45766425e-02,  6.19951961e-02,  7.56091230e-02,
        9.64852280e-02,  1.80975201e-01,  1.75268360e-01,  1.80086732e-01,
        1.90549660e-01,  1.96119107e-01,  8.70284280e-02,  4.21636079e-02,
        6.62038677e-02,  1.11042336e-02,  4.41176977e-02,  2.94402192e-02,
       -1.06020515e-02, -2.89289609e-04,  4.16718432e-02,  4.26107141e-02,
        2.73816785e-02,  1.88246608e-02,  2.91722963e-02,  4.09465236e-02,
        3.79030909e-02,  1.30714659e-03,  2.16156307e-02, -8.52798607e-03,
       -1.25750773e-02,  5.22743008e-03,  2.04762206e-02, -8.49417037e-03,
       -1.07480377e-02,  2.62879002e-02, -5.39036009e-03,  3.56434003e-02,
       -1.79516227e-02,  3.16112654e-02]), array([ 1.48111297e-01,  3.18377122e-01,  1.16284368e-01,  2.89136182e-01,
        1.75894600e-01,  8.01407539e-02,  8.04336503e-02,  2.77944797e-01,
        1.81569930e-01,  3.51449640e-01,  2.25155287e-01,  2.18500173e-01,
        1.32375945e-01,  2.16884937e-02,  7.37390823e-02,  3.69122907e-02,
        8.85141937e-02,  2.15704830e-01,  2.07614697e-01,  2.31791498e-01,
        1.77231126e-01,  2.34228679e-01,  1.25860800e-01,  7.35235745e-02,
        3.85073672e-02,  1.51069884e-04,  8.48705155e-02,  4.29089325e-02,
       -2.34224850e-02, -4.08618496e-03,  6.07281122e-04,  3.23299654e-02,
        4.92293130e-02,  5.68458358e-02,  4.18326017e-03,  4.19843155e-02,
        2.05305234e-02,  2.54599520e-03,  5.85573026e-03,  1.19356968e-02,
       -1.62726252e-02, -1.72372749e-02,  1.60427816e-02,  2.14440156e-02,
        6.00182318e-03,  2.24633048e-02,  9.47657952e-03,  1.31087070e-02,
        1.46560151e-02,  9.26509171e-03]), array([ 1.74186572e-01,  3.22516963e-01,  1.58119833e-01,  2.82709386e-01,
        2.10726857e-01,  6.70763843e-02,  1.04841545e-01,  2.60209903e-01,
        1.89932151e-01,  3.37522211e-01,  1.96665112e-01,  1.55172412e-01,
        8.25807994e-02, -2.30589512e-02,  3.81387964e-02,  5.13028408e-02,
        8.17364121e-02,  2.23935297e-01,  2.32228220e-01,  2.62182648e-01,
        1.57646474e-01,  2.32108594e-01,  1.04556070e-01,  7.42137206e-02,
        6.88811289e-02,  2.40795345e-02,  5.89038222e-02,  1.11776264e-02,
        9.44706133e-03,  1.47391535e-02,  2.33204930e-03,  4.19182882e-02,
        6.51808357e-02,  3.34281057e-02,  5.42355365e-02,  1.23953683e-02,
        1.82203357e-02, -2.29560777e-03,  7.70328734e-03, -2.59254158e-03,
       -7.22703078e-03,  1.87336682e-02,  2.00977218e-02,  4.29387360e-02,
       -1.07771616e-02, -6.26468995e-03, -1.97741041e-04,  9.23146018e-03,
        7.31101891e-03,  5.39488007e-03]), array([ 1.70944559e-01,  3.21568151e-01,  8.59147097e-02,  2.83088872e-01,
        1.35562489e-01,  9.57509640e-02,  6.53325489e-02,  2.41846332e-01,
        1.42073342e-01,  3.08545737e-01,  1.75498917e-01,  1.77249108e-01,
        7.98545379e-02, -3.94580036e-05,  5.21768348e-02,  4.45875655e-02,
        1.08673654e-01,  2.19659762e-01,  2.34170295e-01,  2.08390664e-01,
        2.12135532e-01,  1.93487640e-01,  1.16352215e-01,  5.85699053e-02,
        7.64006312e-02,  3.74134779e-02,  3.88565655e-02,  4.62209536e-02,
        5.32490244e-03,  2.59557218e-02,  2.30735275e-02,  2.47522879e-02,
        4.94361594e-02,  5.02762304e-02,  1.84351912e-02,  3.02225369e-02,
        2.30913754e-02,  2.45757139e-02,  5.31849435e-03,  2.90241102e-02,
       -5.19579287e-03, -2.82031278e-04,  2.57612654e-02,  2.52629219e-02,
        9.23416472e-03,  1.35573203e-02,  1.73469141e-02,  3.45192363e-02,
       -5.47197196e-03,  3.58893145e-02]), array([ 0.15491542,  0.32019834,  0.08548402,  0.26146386,  0.19607189,
        0.08692858,  0.08236032,  0.26786598,  0.1382507 ,  0.29329641,
        0.20704736,  0.14502477,  0.11424344, -0.00297155,  0.05321491,
        0.0575428 ,  0.12242107,  0.23199818,  0.24592752,  0.1842924 ,
        0.17592155,  0.20231899,  0.13248008,  0.02936643,  0.05628743,
        0.01881442,  0.05789462,  0.03506971, -0.02522352, -0.00239046,
        0.02624337,  0.0400056 ,  0.03634857,  0.04765157,  0.04305937,
        0.01823639,  0.01202459,  0.03321478, -0.00565292,  0.0177026 ,
       -0.00473261,  0.01172279,  0.01778087,  0.01047067, -0.00531587,
        0.0347555 ,  0.04523597, -0.01649266,  0.00571559,  0.00682629]), array([ 0.18916162,  0.31429787,  0.07686828,  0.27995057,  0.17054218,
        0.07666234,  0.07492372,  0.26258489,  0.15735106,  0.29332888,
        0.22348954,  0.19087383,  0.1118949 ,  0.01035991,  0.04333163,
        0.05993961,  0.11015118,  0.20034755,  0.24797817,  0.21742736,
        0.16752305,  0.18773178,  0.12435442,  0.02449066,  0.06400446,
        0.03931154,  0.06347995,  0.01173343,  0.00618556, -0.01494431,
        0.02037495,  0.04413952,  0.04324812,  0.03503696,  0.03300447,
        0.06766817, -0.00505126,  0.03468383,  0.0032678 , -0.00896229,
       -0.00348912, -0.00659808,  0.06847343,  0.03050826, -0.00561641,
        0.01060291,  0.0229691 ,  0.00180883, -0.00075346,  0.01756339]), array([ 0.16619189,  0.3179297 ,  0.11698818,  0.25957369,  0.17233049,
        0.09582106,  0.06549395,  0.25414191,  0.14255988,  0.27370904,
        0.16291   ,  0.16885674,  0.09328092,  0.01585172,  0.05212306,
        0.04191608,  0.08988861,  0.23250331,  0.22376589,  0.2190297 ,
        0.21297551,  0.21339618,  0.11687139,  0.06270018,  0.07057917,
        0.00453417,  0.05677461,  0.05338844,  0.02120586, -0.02250644,
        0.02142196,  0.02691829,  0.03655785,  0.0257528 ,  0.0360608 ,
        0.01743114,  0.0204922 ,  0.01943593,  0.01874448,  0.03180047,
        0.01622381,  0.00229065,  0.02408606,  0.0185756 ,  0.00311858,
        0.02575815,  0.01044462,  0.02209294,  0.00582862, -0.01701047]), array([ 0.14470371,  0.31218483,  0.10544411,  0.26327359,  0.18948101,
        0.11450234,  0.05664258,  0.26629208,  0.16486016,  0.30429967,
        0.21881523,  0.19072166,  0.08238706,  0.00773677,  0.0046612 ,
        0.02914264,  0.10886471,  0.20380084,  0.23415116,  0.19814795,
        0.20340448,  0.21198188,  0.10867546,  0.03723588,  0.06002028,
       -0.01474958,  0.03410404,  0.02675459, -0.00485018,  0.00844459,
        0.02843973,  0.06597577,  0.00756746,  0.01759498,  0.04583564,
        0.04044282, -0.00854957,  0.03716391,  0.00917013,  0.01097721,
        0.0149021 ,  0.02494421,  0.01355822,  0.02958811,  0.01903733,
        0.02517122,  0.02086012,  0.01220691,  0.02413694,  0.01856487]), array([ 0.13260908,  0.32092545,  0.10433916,  0.27271462,  0.19053258,
        0.07475388,  0.11466325,  0.2781641 ,  0.15475201,  0.25696658,
        0.19107399,  0.17222759,  0.09356776,  0.00909016,  0.04753336,
        0.07719983,  0.09619856,  0.19182366,  0.22893117,  0.21755854,
        0.19139501,  0.23274538,  0.14262988,  0.05206825,  0.03588996,
        0.005512  ,  0.05292648, -0.01372775,  0.00300355,  0.00056477,
        0.0181755 ,  0.01538451,  0.0238193 ,  0.03776704,  0.06023194,
        0.04656053,  0.0400635 , -0.01492843,  0.0046419 ,  0.02596767,
       -0.01153791,  0.02556151,  0.05222847,  0.04349582, -0.00417104,
        0.00256062,  0.05355207,  0.01389887,  0.03502412, -0.01237881])]"
2,"[0.8903698767077641, 0.8903698767077641, 0.8877040986337887, 0.8710429856714429, 0.8857047650783072, 0.8760413195601466, 0.8723758747084305, 0.8760413195601466, 0.8713762079306898, 0.878373875374875, 0.8790403198933688]",audio/speech_commands/cat/e9a76b2f_nohash_0.wav,"[20000, 20000, 20000, 20000, 20000, 20000, 20000, 20000, 20000, 20000, 20000]","[1.0, 1.0, 1.0, 1.0, 1.0, 1.0, 1.0, 1.0, 1.0, 1.0, 1.0]","[0.871, 0.872, 0.87, 0.8535, 0.867, 0.859, 0.8545, 0.857, 0.852, 0.8604, 0.859]","['EVEN', 'EVEN', 'EVEN', 'EVEN', 'EVEN', 'EVEN', 'EVEN', 'EVEN', 'EVEN', 'EVEN', 'EVEN']","[50, 50, 50, 50, 50, 50, 50, 50, 50, 50, 50]","[[[0, 51], [51, 102], [102, 153], [153, 204], [204, 255], [255, 307], [307, 358], [358, 409], [409, 460], [460, 511], [511, 562], [562, 614], [614, 665], [665, 716], [716, 767], [767, 818], [818, 870], [870, 921], [921, 972], [972, 1023], [1023, 1074], [1074, 1125], [1125, 1177], [1177, 1228], [1228, 1279], [1279, 1330], [1330, 1381], [1381, 1433], [1433, 1484], [1484, 1535], [1535, 1586], [1586, 1637], [1637, 1688], [1688, 1740], [1740, 1791], [1791, 1842], [1842, 1893], [1893, 1944], [1944, 1996], [1996, 2047], [2047, 2098], [2098, 2149], [2149, 2200], [2200, 2251], [2251, 2303], [2303, 2354], [2354, 2405], [2405, 2456], [2456, 2507], [2507, 2559]], [[0, 51], [51, 102], [102, 153], [153, 204], [204, 255], [255, 307], [307, 358], [358, 409], [409, 460], [460, 511], [511, 562], [562, 614], [614, 665], [665, 716], [716, 767], [767, 818], [818, 870], [870, 921], [921, 972], [972, 1023], [1023, 1074], [1074, 1125], [1125, 1177], [1177, 1228], [1228, 1279], [1279, 1330], [1330, 1381], [1381, 1433], [1433, 1484], [1484, 1535], [1535, 1586], [1586, 1637], [1637, 1688], [1688, 1740], [1740, 1791], [1791, 1842], [1842, 1893], [1893, 1944], [1944, 1996], [1996, 2047], [2047, 2098], [2098, 2149], [2149, 2200], [2200, 2251], [2251, 2303], [2303, 2354], [2354, 2405], [2405, 2456], [2456, 2507], [2507, 2559]], [[0, 51], [51, 102], [102, 153], [153, 204], [204, 255], [255, 307], [307, 358], [358, 409], [409, 460], [460, 511], [511, 562], [562, 614], [614, 665], [665, 716], [716, 767], [767, 818], [818, 870], [870, 921], [921, 972], [972, 1023], [1023, 1074], [1074, 1125], [1125, 1177], [1177, 1228], [1228, 1279], [1279, 1330], [1330, 1381], [1381, 1433], [1433, 1484], [1484, 1535], [1535, 1586], [1586, 1637], [1637, 1688], [1688, 1740], [1740, 1791], [1791, 1842], [1842, 1893], [1893, 1944], [1944, 1996], [1996, 2047], [2047, 2098], [2098, 2149], [2149, 2200], [2200, 2251], [2251, 2303], [2303, 2354], [2354, 2405], [2405, 2456], [2456, 2507], [2507, 2559]], [[0, 51], [51, 102], [102, 153], [153, 204], [204, 255], [255, 307], [307, 358], [358, 409], [409, 460], [460, 511], [511, 562], [562, 614], [614, 665], [665, 716], [716, 767], [767, 818], [818, 870], [870, 921], [921, 972], [972, 1023], [1023, 1074], [1074, 1125], [1125, 1177], [1177, 1228], [1228, 1279], [1279, 1330], [1330, 1381], [1381, 1433], [1433, 1484], [1484, 1535], [1535, 1586], [1586, 1637], [1637, 1688], [1688, 1740], [1740, 1791], [1791, 1842], [1842, 1893], [1893, 1944], [1944, 1996], [1996, 2047], [2047, 2098], [2098, 2149], [2149, 2200], [2200, 2251], [2251, 2303], [2303, 2354], [2354, 2405], [2405, 2456], [2456, 2507], [2507, 2559]], [[0, 51], [51, 102], [102, 153], [153, 204], [204, 255], [255, 307], [307, 358], [358, 409], [409, 460], [460, 511], [511, 562], [562, 614], [614, 665], [665, 716], [716, 767], [767, 818], [818, 870], [870, 921], [921, 972], [972, 1023], [1023, 1074], [1074, 1125], [1125, 1177], [1177, 1228], [1228, 1279], [1279, 1330], [1330, 1381], [1381, 1433], [1433, 1484], [1484, 1535], [1535, 1586], [1586, 1637], [1637, 1688], [1688, 1740], [1740, 1791], [1791, 1842], [1842, 1893], [1893, 1944], [1944, 1996], [1996, 2047], [2047, 2098], [2098, 2149], [2149, 2200], [2200, 2251], [2251, 2303], [2303, 2354], [2354, 2405], [2405, 2456], [2456, 2507], [2507, 2559]], [[0, 51], [51, 102], [102, 153], [153, 204], [204, 255], [255, 307], [307, 358], [358, 409], [409, 460], [460, 511], [511, 562], [562, 614], [614, 665], [665, 716], [716, 767], [767, 818], [818, 870], [870, 921], [921, 972], [972, 1023], [1023, 1074], [1074, 1125], [1125, 1177], [1177, 1228], [1228, 1279], [1279, 1330], [1330, 1381], [1381, 1433], [1433, 1484], [1484, 1535], [1535, 1586], [1586, 1637], [1637, 1688], [1688, 1740], [1740, 1791], [1791, 1842], [1842, 1893], [1893, 1944], [1944, 1996], [1996, 2047], [2047, 2098], [2098, 2149], [2149, 2200], [2200, 2251], [2251, 2303], [2303, 2354], [2354, 2405], [2405, 2456], [2456, 2507], [2507, 2559]], [[0, 51], [51, 102], [102, 153], [153, 204], [204, 255], [255, 307], [307, 358], [358, 409], [409, 460], [460, 511], [511, 562], [562, 614], [614, 665], [665, 716], [716, 767], [767, 818], [818, 870], [870, 921], [921, 972], [972, 1023], [1023, 1074], [1074, 1125], [1125, 1177], [1177, 1228], [1228, 1279], [1279, 1330], [1330, 1381], [1381, 1433], [1433, 1484], [1484, 1535], [1535, 1586], [1586, 1637], [1637, 1688], [1688, 1740], [1740, 1791], [1791, 1842], [1842, 1893], [1893, 1944], [1944, 1996], [1996, 2047], [2047, 2098], [2098, 2149], [2149, 2200], [2200, 2251], [2251, 2303], [2303, 2354], [2354, 2405], [2405, 2456], [2456, 2507], [2507, 2559]], [[0, 51], [51, 102], [102, 153], [153, 204], [204, 255], [255, 307], [307, 358], [358, 409], [409, 460], [460, 511], [511, 562], [562, 614], [614, 665], [665, 716], [716, 767], [767, 818], [818, 870], [870, 921], [921, 972], [972, 1023], [1023, 1074], [1074, 1125], [1125, 1177], [1177, 1228], [1228, 1279], [1279, 1330], [1330, 1381], [1381, 1433], [1433, 1484], [1484, 1535], [1535, 1586], [1586, 1637], [1637, 1688], [1688, 1740], [1740, 1791], [1791, 1842], [1842, 1893], [1893, 1944], [1944, 1996], [1996, 2047], [2047, 2098], [2098, 2149], [2149, 2200], [2200, 2251], [2251, 2303], [2303, 2354], [2354, 2405], [2405, 2456], [2456, 2507], [2507, 2559]], [[0, 51], [51, 102], [102, 153], [153, 204], [204, 255], [255, 307], [307, 358], [358, 409], [409, 460], [460, 511], [511, 562], [562, 614], [614, 665], [665, 716], [716, 767], [767, 818], [818, 870], [870, 921], [921, 972], [972, 1023], [1023, 1074], [1074, 1125], [1125, 1177], [1177, 1228], [1228, 1279], [1279, 1330], [1330, 1381], [1381, 1433], [1433, 1484], [1484, 1535], [1535, 1586], [1586, 1637], [1637, 1688], [1688, 1740], [1740, 1791], [1791, 1842], [1842, 1893], [1893, 1944], [1944, 1996], [1996, 2047], [2047, 2098], [2098, 2149], [2149, 2200], [2200, 2251], [2251, 2303], [2303, 2354], [2354, 2405], [2405, 2456], [2456, 2507], [2507, 2559]], [[0, 51], [51, 102], [102, 153], [153, 204], [204, 255], [255, 307], [307, 358], [358, 409], [409, 460], [460, 511], [511, 562], [562, 614], [614, 665], [665, 716], [716, 767], [767, 818], [818, 870], [870, 921], [921, 972], [972, 1023], [1023, 1074], [1074, 1125], [1125, 1177], [1177, 1228], [1228, 1279], [1279, 1330], [1330, 1381], [1381, 1433], [1433, 1484], [1484, 1535], [1535, 1586], [1586, 1637], [1637, 1688], [1688, 1740], [1740, 1791], [1791, 1842], [1842, 1893], [1893, 1944], [1944, 1996], [1996, 2047], [2047, 2098], [2098, 2149], [2149, 2200], [2200, 2251], [2251, 2303], [2303, 2354], [2354, 2405], [2405, 2456], [2456, 2507], [2507, 2559]], [[0, 51], [51, 102], [102, 153], [153, 204], [204, 255], [255, 307], [307, 358], [358, 409], [409, 460], [460, 511], [511, 562], [562, 614], [614, 665], [665, 716], [716, 767], [767, 818], [818, 870], [870, 921], [921, 972], [972, 1023], [1023, 1074], [1074, 1125], [1125, 1177], [1177, 1228], [1228, 1279], [1279, 1330], [1330, 1381], [1381, 1433], [1433, 1484], [1484, 1535], [1535, 1586], [1586, 1637], [1637, 1688], [1688, 1740], [1740, 1791], [1791, 1842], [1842, 1893], [1893, 1944], [1944, 1996], [1996, 2047], [2047, 2098], [2098, 2149], [2149, 2200], [2200, 2251], [2251, 2303], [2303, 2354], [2354, 2405], [2405, 2456], [2456, 2507], [2507, 2559]]]","[False, False, False, False, False, False, False, False, False, False, False]","[0.5897140622023623, 0.25, 0.5, 0.75, 1, 1.4142135623730951, 1.5, 2, 2.5, 3, 5]","[0.04057799400782645, 0.017301735596157764, 0.031176982279660998, 0.05883420875234868, 0.05880303004080185, 0.07394306117725612, 0.07533724190228595, 0.0780501603869604, 0.0818849420854604, 0.07996879491706409, 0.0804707257847812]",0.06148626153914582,"[0.15864788692606557, 0.25980065794871443, 0.13792901807154834, 0.14230716113731556, 0.1686058659883356, 0.17802802954319394, 0.19087100079223351, 0.19545893498739164, 0.1873314723690237, 0.18744628521822804, 0.18838280217842696]",0.18134628319640703,"[array([ 0.16279865,  0.08660748,  0.03644438,  0.1452834 ,  0.07835878,
        0.14658939, -0.00569557, -0.02197051, -0.02177121,  0.0020637 ,
        0.03589986,  0.0091631 ,  0.03141477,  0.05606237,  0.09985424,
       -0.01522124,  0.01725586,  0.025866  , -0.01232325, -0.00609828,
       -0.02046732,  0.0028036 ,  0.00512173, -0.00574185,  0.01307472,
       -0.02625586, -0.00259607, -0.00348229, -0.00900275,  0.02133999,
        0.02985459, -0.00019795,  0.01472715,  0.01135527,  0.00749977,
        0.00268432,  0.02294374, -0.00284101,  0.01964254,  0.00020731,
       -0.00933605,  0.02806519,  0.01729719,  0.01609111, -0.00615987,
        0.04996438, -0.00914823,  0.00619302,  0.03013846, -0.00083352]), array([ 2.58583113e-01, -2.06242636e-07, -1.58080779e-02,  4.27294063e-02,
        9.33537477e-04,  9.58201468e-05, -1.36935298e-02, -8.50672701e-03,
       -1.23660585e-03, -1.37205053e-02, -9.14099940e-03,  4.48153575e-02,
        3.60620329e-04,  3.24119557e-02,  8.99707185e-02, -3.10244930e-02,
       -1.72007831e-02, -1.43214776e-02, -3.52035652e-02, -1.68182364e-02,
       -2.01895591e-02,  1.17255131e-02,  6.51996424e-03,  1.59537673e-02,
       -2.10244889e-02,  1.40608649e-02, -2.57723469e-02, -4.00963182e-02,
        2.25269836e-03,  2.12956020e-02,  3.78615473e-03, -7.29766032e-03,
        6.17279433e-02,  3.28337978e-02,  1.42137955e-02,  7.16424746e-03,
       -6.94530177e-03,  1.88439722e-02,  6.00268444e-02,  1.57799027e-02,
        1.44968177e-02,  5.94391836e-02,  1.30266337e-02, -8.55741522e-03,
       -1.09226036e-02,  1.35282262e-02,  1.16057153e-02,  1.96289761e-02,
        1.78587459e-02,  8.03327421e-03]), array([ 0.12822598,  0.05810405,  0.01340747,  0.11563061,  0.06884018,
        0.09734038,  0.00080829, -0.01455337, -0.01174542,  0.0189007 ,
        0.05653874,  0.03203439,  0.05493964,  0.05334979,  0.06804264,
        0.00588019, -0.00253318,  0.01912007,  0.01351935, -0.00729231,
        0.01493143,  0.02126682, -0.00377777, -0.00351242,  0.01769726,
       -0.01008471, -0.00402043, -0.00414419, -0.00867842, -0.00987068,
        0.00590838, -0.00975588, -0.00190154,  0.03524294,  0.03002804,
        0.03246827,  0.00100937,  0.0403853 ,  0.04829791,  0.0219887 ,
        0.00507295,  0.00299943,  0.03080488,  0.01764285, -0.01509831,
        0.01259774,  0.00581895, -0.01416608,  0.0115973 , -0.0286334 ]), array([ 0.1325148 ,  0.101686  ,  0.03771826,  0.13301067,  0.10833076,
        0.10930499, -0.00168231,  0.041288  , -0.0201462 , -0.00868306,
        0.03680341,  0.06502874,  0.01918831,  0.0727557 ,  0.09931941,
        0.01682769,  0.01831997,  0.03720829,  0.01231709, -0.00199754,
       -0.01144934, -0.00828434,  0.01788671,  0.01561342, -0.01302387,
       -0.01413477,  0.01074082, -0.00861654,  0.02081151,  0.00465616,
       -0.00123296,  0.00885867, -0.01247394,  0.02468642,  0.0178022 ,
        0.00745955,  0.0050056 ,  0.00098873,  0.020215  , -0.00752219,
        0.02229928,  0.00170912,  0.01161292,  0.00315923,  0.02194707,
        0.01713153, -0.01141988, -0.00308527,  0.00093628, -0.00599401]), array([ 0.05943264,  0.11092458,  0.06115629,  0.11593589,  0.08921064,
        0.1502211 ,  0.00135622,  0.01484142, -0.01696194,  0.02825507,
        0.08599007,  0.05835759,  0.04790894,  0.07880919,  0.06201684,
        0.00104107,  0.05628234,  0.0777185 ,  0.01992722, -0.00389097,
        0.02615736,  0.03588799,  0.01290793,  0.0157429 , -0.00712176,
       -0.01228267, -0.00179238, -0.02915372, -0.01799717,  0.02482138,
        0.00383686, -0.00985792,  0.01311104, -0.00104521,  0.01856169,
        0.02801962, -0.02698758, -0.01939035,  0.02303595,  0.00831997,
        0.02538301,  0.01382325,  0.01087225,  0.020612  ,  0.00587074,
        0.01163025,  0.01816854, -0.01109842,  0.01190429,  0.00543757]), array([ 0.11556125,  0.09937338,  0.03407852,  0.11475164,  0.1090293 ,
        0.1567652 ,  0.03120303,  0.01459793, -0.04411829,  0.02995787,
        0.10048076,  0.0337992 , -0.00034749,  0.08540401,  0.05198279,
        0.03762557,  0.04853779,  0.0850543 ,  0.04193262,  0.00838195,
        0.00950702,  0.01047058, -0.00022205, -0.00918393,  0.01330136,
        0.03271501, -0.0236871 ,  0.01112228,  0.00753802,  0.00394175,
       -0.0249965 ,  0.00403909, -0.00087037,  0.01902337,  0.01053302,
        0.01312944, -0.00207422, -0.00150989,  0.02475938, -0.01395308,
        0.01352713,  0.03122072,  0.00695824,  0.02577006,  0.01314512,
       -0.02818828,  0.02554172, -0.00840238, -0.01672992,  0.0410045 ]), array([ 0.13964539,  0.12152827,  0.02632539,  0.14976721,  0.11951189,
        0.16006104, -0.00321786,  0.0075212 , -0.00924563,  0.02694761,
        0.10329823,  0.03461003,  0.02359634,  0.05200258,  0.06715053,
        0.02211755,  0.04160291,  0.03394956,  0.05469025, -0.01264698,
        0.00065051,  0.01783686,  0.03020021,  0.02111235, -0.01144853,
        0.00770138, -0.01276979, -0.00757485,  0.00355865,  0.01454176,
        0.00626464,  0.00251668,  0.00088479,  0.00359146,  0.03134433,
        0.01890042,  0.0321952 , -0.00689804,  0.02988678,  0.00767897,
       -0.02273475, -0.01976499,  0.02017609, -0.00553876, -0.02564952,
       -0.00762719, -0.00083702, -0.00367967,  0.02700326,  0.00041462]), array([ 0.10758733,  0.08075318,  0.06168806,  0.09197254,  0.13937688,
        0.14871079,  0.01710793,  0.00070259, -0.01672538,  0.07150215,
        0.1021342 ,  0.05008807,  0.03030282,  0.10459944,  0.106022  ,
        0.03259956,  0.06542507,  0.08397894,  0.02069803, -0.00568355,
        0.01379875,  0.02457513,  0.02227617,  0.0075339 ,  0.00411438,
       -0.01105018,  0.00609961, -0.01180232, -0.0155484 ,  0.00845907,
        0.01218851,  0.01275222,  0.0042404 ,  0.03223127,  0.03686045,
        0.01689467,  0.00883705,  0.00356885, -0.01728806, -0.00191964,
       -0.00909661,  0.01726816,  0.02841507,  0.01263379, -0.01162966,
       -0.0023002 , -0.01146114,  0.02729916,  0.0093449 , -0.01976758]), array([ 0.12198373,  0.16582432,  0.02400586,  0.08367784,  0.16025211,
        0.10836081,  0.02131832, -0.00880447, -0.00160212,  0.0483922 ,
        0.07065392,  0.03865126,  0.01055864,  0.06349433,  0.05655129,
        0.04657467,  0.06096733,  0.06920994, -0.00092945,  0.00984675,
        0.01348756,  0.05040875, -0.00160687,  0.04823494,  0.00601883,
        0.0017358 , -0.01916338, -0.00167187, -0.00094057,  0.00208982,
        0.04101622, -0.00245549,  0.01121236,  0.0026421 ,  0.01243953,
        0.01330265, -0.00069812, -0.02679535,  0.01508575, -0.04091147,
        0.00027001,  0.03404206,  0.02344867,  0.00111356,  0.01203187,
        0.00667433,  0.02386039, -0.00378329, -0.01493316,  0.0159671 ]), array([ 0.12465239,  0.09873731,  0.06304322,  0.10833968,  0.10380771,
        0.14183164, -0.00559695, -0.01280898, -0.00715814,  0.04794458,
        0.08705964,  0.02734713,  0.01178451,  0.06248684,  0.08211192,
        0.03586651,  0.01153622,  0.07152422,  0.03324843,  0.00706763,
        0.00998752,  0.00387692,  0.06569298,  0.05162785,  0.01179672,
        0.01163105,  0.01974071,  0.00306649,  0.0056117 ,  0.00127857,
        0.01551266,  0.00859915, -0.00591757,  0.06210652,  0.03978474,
        0.02476485,  0.0358369 , -0.00064705,  0.0337293 , -0.02008677,
       -0.00621057,  0.00671328,  0.01431742,  0.01890184, -0.0444241 ,
       -0.00517254, -0.01900661, -0.0094792 ,  0.01272708,  0.00936368]), array([ 0.12659708,  0.1219318 ,  0.04701577,  0.09680023,  0.10762019,
        0.13156206,  0.02897989, -0.00756057, -0.01725119,  0.04131904,
        0.07388012,  0.04420171,  0.00867712,  0.08359606,  0.0388362 ,
        0.03244304,  0.06506443,  0.06593554,  0.07424563,  0.00676936,
        0.01639402,  0.02961863,  0.01853498,  0.02293098,  0.03279999,
       -0.02205811,  0.0006141 , -0.03048873, -0.01270359,  0.02413501,
        0.03062332,  0.02845458,  0.04278573,  0.03553706,  0.01045159,
       -0.00361135,  0.01326847,  0.00695303,  0.01968931, -0.02811859,
       -0.0322691 , -0.00505394,  0.02183408,  0.01674385, -0.03377563,
       -0.00627514, -0.00758412,  0.02176015, -0.00349738,  0.00162236])]"
3,"[0.4121959346884372, 0.42085971342885703, 0.4098633788737088, 0.42252582472509165, 0.408863712095968, 0.41686104631789406, 0.4221926024658447, 0.4011996001332889, 0.4068643785404865, 0.41186271242919026, 0.41752749083638785]",audio/speech_commands/cat/ba676390_nohash_0.wav,"[20000, 20000, 20000, 20000, 20000, 20000, 20000, 20000, 20000, 20000, 20000]","[0.9844, 0.9844, 0.9844, 0.9844, 0.9844, 0.9844, 0.9844, 0.9844, 0.9844, 0.9844, 0.9844]","[0.3992, 0.4067, 0.395, 0.4084, 0.3945, 0.4043, 0.4092, 0.388, 0.3958, 0.3992, 0.4045]","['EVEN', 'EVEN', 'EVEN', 'EVEN', 'EVEN', 'EVEN', 'EVEN', 'EVEN', 'EVEN', 'EVEN', 'EVEN']","[50, 50, 50, 50, 50, 50, 50, 50, 50, 50, 50]","[[[0, 51], [51, 102], [102, 153], [153, 204], [204, 255], [255, 307], [307, 358], [358, 409], [409, 460], [460, 511], [511, 562], [562, 614], [614, 665], [665, 716], [716, 767], [767, 818], [818, 870], [870, 921], [921, 972], [972, 1023], [1023, 1074], [1074, 1125], [1125, 1177], [1177, 1228], [1228, 1279], [1279, 1330], [1330, 1381], [1381, 1433], [1433, 1484], [1484, 1535], [1535, 1586], [1586, 1637], [1637, 1688], [1688, 1740], [1740, 1791], [1791, 1842], [1842, 1893], [1893, 1944], [1944, 1996], [1996, 2047], [2047, 2098], [2098, 2149], [2149, 2200], [2200, 2251], [2251, 2303], [2303, 2354], [2354, 2405], [2405, 2456], [2456, 2507], [2507, 2559]], [[0, 51], [51, 102], [102, 153], [153, 204], [204, 255], [255, 307], [307, 358], [358, 409], [409, 460], [460, 511], [511, 562], [562, 614], [614, 665], [665, 716], [716, 767], [767, 818], [818, 870], [870, 921], [921, 972], [972, 1023], [1023, 1074], [1074, 1125], [1125, 1177], [1177, 1228], [1228, 1279], [1279, 1330], [1330, 1381], [1381, 1433], [1433, 1484], [1484, 1535], [1535, 1586], [1586, 1637], [1637, 1688], [1688, 1740], [1740, 1791], [1791, 1842], [1842, 1893], [1893, 1944], [1944, 1996], [1996, 2047], [2047, 2098], [2098, 2149], [2149, 2200], [2200, 2251], [2251, 2303], [2303, 2354], [2354, 2405], [2405, 2456], [2456, 2507], [2507, 2559]], [[0, 51], [51, 102], [102, 153], [153, 204], [204, 255], [255, 307], [307, 358], [358, 409], [409, 460], [460, 511], [511, 562], [562, 614], [614, 665], [665, 716], [716, 767], [767, 818], [818, 870], [870, 921], [921, 972], [972, 1023], [1023, 1074], [1074, 1125], [1125, 1177], [1177, 1228], [1228, 1279], [1279, 1330], [1330, 1381], [1381, 1433], [1433, 1484], [1484, 1535], [1535, 1586], [1586, 1637], [1637, 1688], [1688, 1740], [1740, 1791], [1791, 1842], [1842, 1893], [1893, 1944], [1944, 1996], [1996, 2047], [2047, 2098], [2098, 2149], [2149, 2200], [2200, 2251], [2251, 2303], [2303, 2354], [2354, 2405], [2405, 2456], [2456, 2507], [2507, 2559]], [[0, 51], [51, 102], [102, 153], [153, 204], [204, 255], [255, 307], [307, 358], [358, 409], [409, 460], [460, 511], [511, 562], [562, 614], [614, 665], [665, 716], [716, 767], [767, 818], [818, 870], [870, 921], [921, 972], [972, 1023], [1023, 1074], [1074, 1125], [1125, 1177], [1177, 1228], [1228, 1279], [1279, 1330], [1330, 1381], [1381, 1433], [1433, 1484], [1484, 1535], [1535, 1586], [1586, 1637], [1637, 1688], [1688, 1740], [1740, 1791], [1791, 1842], [1842, 1893], [1893, 1944], [1944, 1996], [1996, 2047], [2047, 2098], [2098, 2149], [2149, 2200], [2200, 2251], [2251, 2303], [2303, 2354], [2354, 2405], [2405, 2456], [2456, 2507], [2507, 2559]], [[0, 51], [51, 102], [102, 153], [153, 204], [204, 255], [255, 307], [307, 358], [358, 409], [409, 460], [460, 511], [511, 562], [562, 614], [614, 665], [665, 716], [716, 767], [767, 818], [818, 870], [870, 921], [921, 972], [972, 1023], [1023, 1074], [1074, 1125], [1125, 1177], [1177, 1228], [1228, 1279], [1279, 1330], [1330, 1381], [1381, 1433], [1433, 1484], [1484, 1535], [1535, 1586], [1586, 1637], [1637, 1688], [1688, 1740], [1740, 1791], [1791, 1842], [1842, 1893], [1893, 1944], [1944, 1996], [1996, 2047], [2047, 2098], [2098, 2149], [2149, 2200], [2200, 2251], [2251, 2303], [2303, 2354], [2354, 2405], [2405, 2456], [2456, 2507], [2507, 2559]], [[0, 51], [51, 102], [102, 153], [153, 204], [204, 255], [255, 307], [307, 358], [358, 409], [409, 460], [460, 511], [511, 562], [562, 614], [614, 665], [665, 716], [716, 767], [767, 818], [818, 870], [870, 921], [921, 972], [972, 1023], [1023, 1074], [1074, 1125], [1125, 1177], [1177, 1228], [1228, 1279], [1279, 1330], [1330, 1381], [1381, 1433], [1433, 1484], [1484, 1535], [1535, 1586], [1586, 1637], [1637, 1688], [1688, 1740], [1740, 1791], [1791, 1842], [1842, 1893], [1893, 1944], [1944, 1996], [1996, 2047], [2047, 2098], [2098, 2149], [2149, 2200], [2200, 2251], [2251, 2303], [2303, 2354], [2354, 2405], [2405, 2456], [2456, 2507], [2507, 2559]], [[0, 51], [51, 102], [102, 153], [153, 204], [204, 255], [255, 307], [307, 358], [358, 409], [409, 460], [460, 511], [511, 562], [562, 614], [614, 665], [665, 716], [716, 767], [767, 818], [818, 870], [870, 921], [921, 972], [972, 1023], [1023, 1074], [1074, 1125], [1125, 1177], [1177, 1228], [1228, 1279], [1279, 1330], [1330, 1381], [1381, 1433], [1433, 1484], [1484, 1535], [1535, 1586], [1586, 1637], [1637, 1688], [1688, 1740], [1740, 1791], [1791, 1842], [1842, 1893], [1893, 1944], [1944, 1996], [1996, 2047], [2047, 2098], [2098, 2149], [2149, 2200], [2200, 2251], [2251, 2303], [2303, 2354], [2354, 2405], [2405, 2456], [2456, 2507], [2507, 2559]], [[0, 51], [51, 102], [102, 153], [153, 204], [204, 255], [255, 307], [307, 358], [358, 409], [409, 460], [460, 511], [511, 562], [562, 614], [614, 665], [665, 716], [716, 767], [767, 818], [818, 870], [870, 921], [921, 972], [972, 1023], [1023, 1074], [1074, 1125], [1125, 1177], [1177, 1228], [1228, 1279], [1279, 1330], [1330, 1381], [1381, 1433], [1433, 1484], [1484, 1535], [1535, 1586], [1586, 1637], [1637, 1688], [1688, 1740], [1740, 1791], [1791, 1842], [1842, 1893], [1893, 1944], [1944, 1996], [1996, 2047], [2047, 2098], [2098, 2149], [2149, 2200], [2200, 2251], [2251, 2303], [2303, 2354], [2354, 2405], [2405, 2456], [2456, 2507], [2507, 2559]], [[0, 51], [51, 102], [102, 153], [153, 204], [204, 255], [255, 307], [307, 358], [358, 409], [409, 460], [460, 511], [511, 562], [562, 614], [614, 665], [665, 716], [716, 767], [767, 818], [818, 870], [870, 921], [921, 972], [972, 1023], [1023, 1074], [1074, 1125], [1125, 1177], [1177, 1228], [1228, 1279], [1279, 1330], [1330, 1381], [1381, 1433], [1433, 1484], [1484, 1535], [1535, 1586], [1586, 1637], [1637, 1688], [1688, 1740], [1740, 1791], [1791, 1842], [1842, 1893], [1893, 1944], [1944, 1996], [1996, 2047], [2047, 2098], [2098, 2149], [2149, 2200], [2200, 2251], [2251, 2303], [2303, 2354], [2354, 2405], [2405, 2456], [2456, 2507], [2507, 2559]], [[0, 51], [51, 102], [102, 153], [153, 204], [204, 255], [255, 307], [307, 358], [358, 409], [409, 460], [460, 511], [511, 562], [562, 614], [614, 665], [665, 716], [716, 767], [767, 818], [818, 870], [870, 921], [921, 972], [972, 1023], [1023, 1074], [1074, 1125], [1125, 1177], [1177, 1228], [1228, 1279], [1279, 1330], [1330, 1381], [1381, 1433], [1433, 1484], [1484, 1535], [1535, 1586], [1586, 1637], [1637, 1688], [1688, 1740], [1740, 1791], [1791, 1842], [1842, 1893], [1893, 1944], [1944, 1996], [1996, 2047], [2047, 2098], [2098, 2149], [2149, 2200], [2200, 2251], [2251, 2303], [2303, 2354], [2354, 2405], [2405, 2456], [2456, 2507], [2507, 2559]], [[0, 51], [51, 102], [102, 153], [153, 204], [204, 255], [255, 307], [307, 358], [358, 409], [409, 460], [460, 511], [511, 562], [562, 614], [614, 665], [665, 716], [716, 767], [767, 818], [818, 870], [870, 921], [921, 972], [972, 1023], [1023, 1074], [1074, 1125], [1125, 1177], [1177, 1228], [1228, 1279], [1279, 1330], [1330, 1381], [1381, 1433], [1433, 1484], [1484, 1535], [1535, 1586], [1586, 1637], [1637, 1688], [1688, 1740], [1740, 1791], [1791, 1842], [1842, 1893], [1893, 1944], [1944, 1996], [1996, 2047], [2047, 2098], [2098, 2149], [2149, 2200], [2200, 2251], [2251, 2303], [2303, 2354], [2354, 2405], [2405, 2456], [2456, 2507], [2507, 2559]]]","[False, False, False, False, False, False, False, False, False, False, False]","[0.6942976726353313, 0.25, 0.5, 0.75, 1, 1.4142135623730951, 1.5, 2, 2.5, 3, 5]","[0.07811749970609357, 0.03720887588222423, 0.0670008978991348, 0.0810912164829618, 0.0893738389231532, 0.09373330556320063, 0.0932451242335129, 0.09441987702798192, 0.09746498408152696, 0.09315777545075697, 0.0938042502984227]",0.08351069504990632,"[0.6384810702019362, 0.5405730381956784, 0.6369401619045436, 0.6276501311495306, 0.6127734538181892, 0.5951300679047148, 0.5954303711504776, 0.5852532440385384, 0.5719408518460091, 0.5895660969620928, 0.5827309321193277]",0.5978608562991853,"[array([ 1.54685864e-01,  9.99057062e-02,  2.03148075e-01,  3.95296585e-01,
        1.72414345e-01,  3.03012099e-02,  1.12650990e-01,  1.32781330e-01,
        4.04807167e-01,  3.52448486e-01,  4.54899687e-01,  5.01703888e-01,
        4.06569702e-01,  1.89893907e-01,  5.28754733e-02,  5.28458319e-03,
        3.12936454e-02,  7.05173873e-02,  1.37943225e-01,  1.40836595e-01,
        1.73601489e-01,  4.54686650e-02,  1.45620140e-02,  8.43929088e-02,
        5.43581621e-02,  4.27769821e-02,  1.00794389e-01,  1.84586248e-02,
        5.34914483e-02,  3.95555511e-02,  5.47834909e-02,  1.37704266e-02,
        1.11773985e-02,  7.73525419e-03,  5.25805591e-02,  5.70834257e-02,
        7.01433738e-02,  6.39273901e-02, -9.97869410e-03,  5.02999383e-02,
        4.08088619e-03, -3.32168182e-02, -2.34140991e-02, -2.78736144e-04,
        1.32987110e-02,  3.19945594e-02,  4.77528720e-03,  1.25324257e-02,
       -2.46017449e-03, -6.95215085e-03]), array([ 7.96928364e-02,  1.11309446e-01,  1.34561516e-01,  4.73273352e-01,
        6.40948130e-02,  2.18443497e-02,  5.96165975e-10,  1.18075229e-01,
        4.22807005e-01,  3.88494573e-01,  6.98211329e-02,  7.10309451e-02,
        1.00676620e-10,  1.76504510e-01,  1.12279926e-01,  2.66541095e-02,
       -1.90799795e-02,  6.60992192e-02,  1.44258602e-01,  1.07517622e-01,
        1.58737450e-01,  8.46824878e-02,  1.04270561e-01,  3.10378195e-02,
        8.56643870e-02,  4.08703635e-02,  4.61029717e-02,  3.19319286e-02,
        5.23602117e-02,  1.23056405e-02,  2.53306908e-02, -1.61778503e-02,
        3.61426991e-02, -8.30736817e-03,  2.38766189e-02,  1.96776547e-02,
        3.91043682e-02,  1.27958565e-02,  1.62922860e-02,  6.13647179e-02,
        1.97558935e-03,  3.34653779e-02,  3.23742183e-03,  1.55509674e-03,
        2.68596743e-02, -1.02812132e-02,  1.63982549e-02,  9.21098584e-03,
       -5.54734469e-03, -1.02803469e-02]), array([ 0.16576015,  0.09718841,  0.25027486,  0.41913509,  0.18955421,
        0.00786471,  0.04612769,  0.17388605,  0.39951076,  0.39244489,
        0.58465708,  0.60126366,  0.08823145,  0.23636781,  0.14925409,
        0.03614175, -0.01642158,  0.07353367,  0.13719486,  0.15235117,
        0.17604472,  0.1341527 ,  0.06597102,  0.05288567,  0.07014637,
        0.03634776,  0.09566088,  0.04708226,  0.01645601,  0.01807427,
        0.02739848, -0.00254775,  0.00579721,  0.02148459,  0.0304156 ,
        0.01953962,  0.06215063,  0.02906694, -0.02521465,  0.04916057,
       -0.02846177, -0.03410625,  0.02870337,  0.01307429,  0.01055998,
        0.02160132,  0.01468716,  0.02037489, -0.0268086 , -0.01382347]), array([ 0.1679084 ,  0.10386675,  0.19489883,  0.39058555,  0.19470662,
        0.00761012,  0.05979183,  0.20191437,  0.34487787,  0.32766959,
        0.50553088,  0.52311162,  0.38507799,  0.2208983 ,  0.11158344,
        0.06241679,  0.00326714,  0.09426595,  0.16361071,  0.11965929,
        0.17143611,  0.11218551,  0.03390175,  0.05693692,  0.07039655,
        0.10468279,  0.05825028,  0.02104541,  0.09563127, -0.02445718,
        0.03028787, -0.00440944,  0.05098112, -0.01198531,  0.01328183,
        0.02011766,  0.00353897, -0.00465339, -0.01318213,  0.04852306,
        0.0047874 ,  0.00952715, -0.00275455, -0.00441481, -0.0430214 ,
        0.00069548,  0.00130349,  0.03099963, -0.00659768,  0.02927205]), array([ 0.14979643,  0.09651104,  0.21082235,  0.37318046,  0.18233491,
        0.01671161,  0.08655649,  0.17154443,  0.32293683,  0.32499128,
        0.46772453,  0.48489579,  0.37881909,  0.18801588,  0.04443035,
        0.0276432 , -0.00474734,  0.05563767,  0.18624247,  0.11606346,
        0.1366666 ,  0.12694555,  0.02822704,  0.08335053,  0.05273492,
        0.0603139 ,  0.084883  ,  0.04539613,  0.06049029, -0.01116415,
        0.04470206, -0.02097142,  0.04816578,  0.00336835,  0.02808463,
        0.02839282,  0.03716617,  0.02512296,  0.01887162,  0.04556304,
       -0.02096852,  0.02050326, -0.00517   ,  0.01954934, -0.01119709,
        0.02885716, -0.01273081,  0.02319511, -0.00621747, -0.0089587 ]), array([ 0.15429089,  0.08905392,  0.20613786,  0.31240591,  0.21426921,
        0.03191165,  0.07983479,  0.14997906,  0.29920063,  0.25656552,
        0.43039759,  0.42238776,  0.370003  ,  0.14592112,  0.06088641,
        0.02282628, -0.00976678,  0.06352693,  0.18164819,  0.09372922,
        0.14358703,  0.09144221,  0.0421641 ,  0.04597614,  0.0563906 ,
        0.05585647,  0.04910388, -0.00065719,  0.03753792,  0.02202256,
        0.05448381,  0.00488503,  0.04736066, -0.00804911,  0.0560924 ,
        0.04368337,  0.0070526 ,  0.03168047,  0.02491614,  0.02613425,
        0.0226936 , -0.0230273 , -0.05688197,  0.01072679, -0.02832119,
       -0.00747172, -0.01457901,  0.0281408 , -0.02381973, -0.0075785 ]), array([ 0.12440926,  0.09829954,  0.14703545,  0.31434946,  0.19192209,
        0.03187635,  0.06995399,  0.14518951,  0.26769559,  0.22520455,
        0.44915307,  0.40005868,  0.40253901,  0.13464335,  0.07239984,
        0.01659331,  0.0104841 ,  0.06394759,  0.18430008,  0.10294517,
        0.11230356,  0.09650758,  0.08661692,  0.05320294,  0.06684539,
        0.06129906,  0.07442122,  0.05094138,  0.04785543,  0.02128245,
        0.05156762, -0.04563461,  0.03146933, -0.01199448,  0.0050353 ,
        0.03217357,  0.03447195,  0.02122417, -0.01078428,  0.05930292,
        0.01425635, -0.01056505, -0.01013871, -0.01690872, -0.01526584,
        0.00806703, -0.0045001 ,  0.02428101, -0.00303077,  0.01834689]), array([ 0.11900555,  0.09811042,  0.16521875,  0.33902614,  0.14158908,
        0.0439369 ,  0.06166782,  0.14590461,  0.25838563,  0.22418792,
        0.42109362,  0.42946797,  0.35794248,  0.13812156,  0.07175808,
        0.01078185,  0.00706969,  0.07385146,  0.14206338,  0.09589764,
        0.13662534,  0.10350047,  0.07489112,  0.0956675 ,  0.05980637,
        0.02644124,  0.04403235,  0.00101311,  0.06308507,  0.01543591,
       -0.00522496, -0.00543176,  0.01144943, -0.0120394 ,  0.00371535,
        0.01921981,  0.03138234,  0.03393216, -0.01815854,  0.0191761 ,
        0.01885394,  0.00859864, -0.02815618, -0.00262758,  0.00260282,
        0.03282886, -0.0033436 ,  0.0323048 , -0.01472857,  0.00749629]), array([ 1.38805022e-01,  8.08169094e-02,  1.41737169e-01,  2.95062889e-01,
        1.62744953e-01,  2.85002208e-02,  3.30657180e-02,  1.40403833e-01,
        2.62963152e-01,  2.79412582e-01,  4.06513983e-01,  3.76066792e-01,
        3.65604136e-01,  1.41206482e-01,  3.25977884e-02,  5.06526609e-02,
        4.36174539e-02,  7.28216611e-02,  1.19895541e-01,  1.16318805e-01,
        1.50733346e-01,  7.33049033e-02,  6.48884621e-02,  8.68173143e-02,
        5.66122381e-02,  5.38142236e-02,  6.46549122e-02,  2.30886925e-02,
        4.50634699e-02,  3.68292460e-03,  3.50044462e-02,  1.55310972e-04,
       -2.71409315e-03, -1.00367547e-02, -3.24806300e-06,  2.28701232e-02,
        3.24607811e-02,  2.41913648e-02, -1.48362314e-02,  2.25679657e-02,
       -7.03223192e-03,  9.52355870e-03,  1.19106243e-02,  1.32419893e-02,
        3.82238679e-02,  2.23381111e-02,  9.14309076e-03,  4.44555055e-02,
        4.03434103e-02, -2.08619829e-02]), array([ 0.13610959,  0.05757923,  0.15285121,  0.25691418,  0.16509309,
        0.06480525,  0.07989311,  0.13990192,  0.24540881,  0.24815947,
        0.3680195 ,  0.36575665,  0.3572264 ,  0.12437605,  0.04949924,
        0.02397743,  0.01763745,  0.07152405,  0.15221948,  0.11784409,
        0.14429842,  0.09303412,  0.07585343,  0.05006266,  0.06606562,
        0.06357028,  0.05498853,  0.01439834,  0.03429651,  0.00528605,
        0.0150307 , -0.00919273,  0.01449898,  0.00436559,  0.05208156,
        0.04276701,  0.0440596 ,  0.06734796, -0.0022128 ,  0.05046193,
        0.01793873,  0.01449482,  0.01989494,  0.0203592 , -0.02333533,
        0.05764782, -0.00306648,  0.03260293, -0.01059817,  0.02433909]), array([ 0.16371369,  0.07987972,  0.13976303,  0.27507892,  0.15490166,
        0.04196539,  0.05334078,  0.10764054,  0.25133349,  0.2485151 ,
        0.39243122,  0.34570022,  0.38103695,  0.13113869,  0.01339207,
        0.038848  ,  0.00091853,  0.07770141,  0.12651859,  0.12216393,
        0.11927616,  0.10032761,  0.04287803,  0.09570972,  0.05805006,
        0.04648861,  0.06593801,  0.01786438,  0.04473215,  0.01233579,
        0.03766952,  0.00344712,  0.01100988,  0.01659278,  0.03479246,
        0.04475203,  0.0292622 ,  0.03755198, -0.0162429 ,  0.04496217,
       -0.01047325,  0.00211675,  0.00564122, -0.01270314,  0.01763489,
        0.00810967, -0.01715976,  0.04675749,  0.00819915, -0.01476335])]"
4,"[0.6774408530489837, 0.6817727424191936, 0.6904365211596135, 0.6844385204931689, 0.6807730756414528, 0.676441186271243, 0.6741086304565145, 0.6787737420859713, 0.6904365211596135, 0.6927690769743419, 0.6937687437520826]",audio/speech_commands/cat/db7c95b0_nohash_0.wav,"[20000, 20000, 20000, 20000, 20000, 20000, 20000, 20000, 20000, 20000, 20000]","[0.969, 0.969, 0.969, 0.969, 0.969, 0.969, 0.969, 0.969, 0.969, 0.969, 0.969]","[0.597, 0.598, 0.6045, 0.601, 0.599, 0.5933, 0.59, 0.5933, 0.604, 0.6084, 0.6084]","['EVEN', 'EVEN', 'EVEN', 'EVEN', 'EVEN', 'EVEN', 'EVEN', 'EVEN', 'EVEN', 'EVEN', 'EVEN']","[50, 50, 50, 50, 50, 50, 50, 50, 50, 50, 50]","[[[0, 51], [51, 102], [102, 153], [153, 204], [204, 255], [255, 307], [307, 358], [358, 409], [409, 460], [460, 511], [511, 562], [562, 614], [614, 665], [665, 716], [716, 767], [767, 818], [818, 870], [870, 921], [921, 972], [972, 1023], [1023, 1074], [1074, 1125], [1125, 1177], [1177, 1228], [1228, 1279], [1279, 1330], [1330, 1381], [1381, 1433], [1433, 1484], [1484, 1535], [1535, 1586], [1586, 1637], [1637, 1688], [1688, 1740], [1740, 1791], [1791, 1842], [1842, 1893], [1893, 1944], [1944, 1996], [1996, 2047], [2047, 2098], [2098, 2149], [2149, 2200], [2200, 2251], [2251, 2303], [2303, 2354], [2354, 2405], [2405, 2456], [2456, 2507], [2507, 2559]], [[0, 51], [51, 102], [102, 153], [153, 204], [204, 255], [255, 307], [307, 358], [358, 409], [409, 460], [460, 511], [511, 562], [562, 614], [614, 665], [665, 716], [716, 767], [767, 818], [818, 870], [870, 921], [921, 972], [972, 1023], [1023, 1074], [1074, 1125], [1125, 1177], [1177, 1228], [1228, 1279], [1279, 1330], [1330, 1381], [1381, 1433], [1433, 1484], [1484, 1535], [1535, 1586], [1586, 1637], [1637, 1688], [1688, 1740], [1740, 1791], [1791, 1842], [1842, 1893], [1893, 1944], [1944, 1996], [1996, 2047], [2047, 2098], [2098, 2149], [2149, 2200], [2200, 2251], [2251, 2303], [2303, 2354], [2354, 2405], [2405, 2456], [2456, 2507], [2507, 2559]], [[0, 51], [51, 102], [102, 153], [153, 204], [204, 255], [255, 307], [307, 358], [358, 409], [409, 460], [460, 511], [511, 562], [562, 614], [614, 665], [665, 716], [716, 767], [767, 818], [818, 870], [870, 921], [921, 972], [972, 1023], [1023, 1074], [1074, 1125], [1125, 1177], [1177, 1228], [1228, 1279], [1279, 1330], [1330, 1381], [1381, 1433], [1433, 1484], [1484, 1535], [1535, 1586], [1586, 1637], [1637, 1688], [1688, 1740], [1740, 1791], [1791, 1842], [1842, 1893], [1893, 1944], [1944, 1996], [1996, 2047], [2047, 2098], [2098, 2149], [2149, 2200], [2200, 2251], [2251, 2303], [2303, 2354], [2354, 2405], [2405, 2456], [2456, 2507], [2507, 2559]], [[0, 51], [51, 102], [102, 153], [153, 204], [204, 255], [255, 307], [307, 358], [358, 409], [409, 460], [460, 511], [511, 562], [562, 614], [614, 665], [665, 716], [716, 767], [767, 818], [818, 870], [870, 921], [921, 972], [972, 1023], [1023, 1074], [1074, 1125], [1125, 1177], [1177, 1228], [1228, 1279], [1279, 1330], [1330, 1381], [1381, 1433], [1433, 1484], [1484, 1535], [1535, 1586], [1586, 1637], [1637, 1688], [1688, 1740], [1740, 1791], [1791, 1842], [1842, 1893], [1893, 1944], [1944, 1996], [1996, 2047], [2047, 2098], [2098, 2149], [2149, 2200], [2200, 2251], [2251, 2303], [2303, 2354], [2354, 2405], [2405, 2456], [2456, 2507], [2507, 2559]], [[0, 51], [51, 102], [102, 153], [153, 204], [204, 255], [255, 307], [307, 358], [358, 409], [409, 460], [460, 511], [511, 562], [562, 614], [614, 665], [665, 716], [716, 767], [767, 818], [818, 870], [870, 921], [921, 972], [972, 1023], [1023, 1074], [1074, 1125], [1125, 1177], [1177, 1228], [1228, 1279], [1279, 1330], [1330, 1381], [1381, 1433], [1433, 1484], [1484, 1535], [1535, 1586], [1586, 1637], [1637, 1688], [1688, 1740], [1740, 1791], [1791, 1842], [1842, 1893], [1893, 1944], [1944, 1996], [1996, 2047], [2047, 2098], [2098, 2149], [2149, 2200], [2200, 2251], [2251, 2303], [2303, 2354], [2354, 2405], [2405, 2456], [2456, 2507], [2507, 2559]], [[0, 51], [51, 102], [102, 153], [153, 204], [204, 255], [255, 307], [307, 358], [358, 409], [409, 460], [460, 511], [511, 562], [562, 614], [614, 665], [665, 716], [716, 767], [767, 818], [818, 870], [870, 921], [921, 972], [972, 1023], [1023, 1074], [1074, 1125], [1125, 1177], [1177, 1228], [1228, 1279], [1279, 1330], [1330, 1381], [1381, 1433], [1433, 1484], [1484, 1535], [1535, 1586], [1586, 1637], [1637, 1688], [1688, 1740], [1740, 1791], [1791, 1842], [1842, 1893], [1893, 1944], [1944, 1996], [1996, 2047], [2047, 2098], [2098, 2149], [2149, 2200], [2200, 2251], [2251, 2303], [2303, 2354], [2354, 2405], [2405, 2456], [2456, 2507], [2507, 2559]], [[0, 51], [51, 102], [102, 153], [153, 204], [204, 255], [255, 307], [307, 358], [358, 409], [409, 460], [460, 511], [511, 562], [562, 614], [614, 665], [665, 716], [716, 767], [767, 818], [818, 870], [870, 921], [921, 972], [972, 1023], [1023, 1074], [1074, 1125], [1125, 1177], [1177, 1228], [1228, 1279], [1279, 1330], [1330, 1381], [1381, 1433], [1433, 1484], [1484, 1535], [1535, 1586], [1586, 1637], [1637, 1688], [1688, 1740], [1740, 1791], [1791, 1842], [1842, 1893], [1893, 1944], [1944, 1996], [1996, 2047], [2047, 2098], [2098, 2149], [2149, 2200], [2200, 2251], [2251, 2303], [2303, 2354], [2354, 2405], [2405, 2456], [2456, 2507], [2507, 2559]], [[0, 51], [51, 102], [102, 153], [153, 204], [204, 255], [255, 307], [307, 358], [358, 409], [409, 460], [460, 511], [511, 562], [562, 614], [614, 665], [665, 716], [716, 767], [767, 818], [818, 870], [870, 921], [921, 972], [972, 1023], [1023, 1074], [1074, 1125], [1125, 1177], [1177, 1228], [1228, 1279], [1279, 1330], [1330, 1381], [1381, 1433], [1433, 1484], [1484, 1535], [1535, 1586], [1586, 1637], [1637, 1688], [1688, 1740], [1740, 1791], [1791, 1842], [1842, 1893], [1893, 1944], [1944, 1996], [1996, 2047], [2047, 2098], [2098, 2149], [2149, 2200], [2200, 2251], [2251, 2303], [2303, 2354], [2354, 2405], [2405, 2456], [2456, 2507], [2507, 2559]], [[0, 51], [51, 102], [102, 153], [153, 204], [204, 255], [255, 307], [307, 358], [358, 409], [409, 460], [460, 511], [511, 562], [562, 614], [614, 665], [665, 716], [716, 767], [767, 818], [818, 870], [870, 921], [921, 972], [972, 1023], [1023, 1074], [1074, 1125], [1125, 1177], [1177, 1228], [1228, 1279], [1279, 1330], [1330, 1381], [1381, 1433], [1433, 1484], [1484, 1535], [1535, 1586], [1586, 1637], [1637, 1688], [1688, 1740], [1740, 1791], [1791, 1842], [1842, 1893], [1893, 1944], [1944, 1996], [1996, 2047], [2047, 2098], [2098, 2149], [2149, 2200], [2200, 2251], [2251, 2303], [2303, 2354], [2354, 2405], [2405, 2456], [2456, 2507], [2507, 2559]], [[0, 51], [51, 102], [102, 153], [153, 204], [204, 255], [255, 307], [307, 358], [358, 409], [409, 460], [460, 511], [511, 562], [562, 614], [614, 665], [665, 716], [716, 767], [767, 818], [818, 870], [870, 921], [921, 972], [972, 1023], [1023, 1074], [1074, 1125], [1125, 1177], [1177, 1228], [1228, 1279], [1279, 1330], [1330, 1381], [1381, 1433], [1433, 1484], [1484, 1535], [1535, 1586], [1586, 1637], [1637, 1688], [1688, 1740], [1740, 1791], [1791, 1842], [1842, 1893], [1893, 1944], [1944, 1996], [1996, 2047], [2047, 2098], [2098, 2149], [2149, 2200], [2200, 2251], [2251, 2303], [2303, 2354], [2354, 2405], [2405, 2456], [2456, 2507], [2507, 2559]], [[0, 51], [51, 102], [102, 153], [153, 204], [204, 255], [255, 307], [307, 358], [358, 409], [409, 460], [460, 511], [511, 562], [562, 614], [614, 665], [665, 716], [716, 767], [767, 818], [818, 870], [870, 921], [921, 972], [972, 1023], [1023, 1074], [1074, 1125], [1125, 1177], [1177, 1228], [1228, 1279], [1279, 1330], [1330, 1381], [1381, 1433], [1433, 1484], [1484, 1535], [1535, 1586], [1586, 1637], [1637, 1688], [1688, 1740], [1740, 1791], [1791, 1842], [1842, 1893], [1893, 1944], [1944, 1996], [1996, 2047], [2047, 2098], [2098, 2149], [2149, 2200], [2200, 2251], [2251, 2303], [2303, 2354], [2354, 2405], [2405, 2456], [2456, 2507], [2507, 2559]]]","[False, False, False, False, False, False, False, False, False, False, False]","[0.28352968653402094, 0.25, 0.5, 0.75, 1, 1.4142135623730951, 1.5, 2, 2.5, 3, 5]","[0.05487969490345418, 0.055323351493591404, 0.06087568973002238, 0.06714129445449725, 0.06692852988398836, 0.06409267345244118, 0.06483942950168999, 0.06491209229206181, 0.06485526144484095, 0.0626501830194886, 0.06629331401991538]",0.06298104674509014,"[0.6199978909410242, 0.6118568190217137, 0.5920640970796038, 0.5599850877629837, 0.5754672133637377, 0.5940847592029712, 0.5889830386170692, 0.5819366544051301, 0.5722697577849499, 0.5911283051253948, 0.5650202551084359]",0.5866176253102741,"[array([ 3.79872140e-02,  2.03012652e-01,  5.35317956e-01,  2.81544388e-01,
        2.90792208e-02, -1.49288082e-02,  8.00810071e-02,  3.65261666e-02,
        2.55396364e-02,  1.29800870e-01,  1.62739401e-01,  5.47774173e-02,
        1.94286000e-02, -8.90765439e-02, -5.08975941e-02,  1.04924479e-01,
        1.33272681e-01,  1.87582920e-01,  1.84105708e-01,  1.26846079e-01,
        2.34504281e-01,  1.05431876e-01,  1.20590733e-01,  7.93551579e-02,
        8.63578894e-02,  7.34334143e-02,  8.30590291e-02,  7.16069327e-02,
        2.26466109e-02,  1.04195974e-02,  6.97290566e-03, -3.50853112e-04,
        2.59501271e-03, -1.98917268e-02, -1.63352548e-03, -1.59753031e-02,
       -1.64058809e-02, -4.42162645e-02, -7.40525196e-03, -7.48330326e-03,
       -6.20561883e-03, -7.59787940e-03, -2.46247024e-02, -3.94939788e-02,
       -3.20870011e-02, -4.00117347e-02,  1.29695706e-03, -1.92638152e-02,
       -2.94201867e-02,  1.43456401e-02]), array([ 0.03862968,  0.19725397,  0.57361744,  0.24772664,  0.05583068,
       -0.0084075 ,  0.04998939,  0.0226087 ,  0.04030032,  0.12713818,
        0.16073106,  0.04378059,  0.01006165, -0.06417291, -0.04849261,
        0.07776232,  0.13872244,  0.21667919,  0.15663819,  0.12554953,
        0.28314096,  0.06467843,  0.12658618,  0.04787957,  0.04642848,
        0.10458032,  0.07217281,  0.06746458,  0.02613671, -0.00251946,
       -0.02186441, -0.03327731, -0.02476339,  0.02441933,  0.00812672,
       -0.01662625, -0.01868954, -0.02687524, -0.02777634, -0.02135173,
        0.00569594, -0.00255691, -0.03795064, -0.01784542, -0.02185346,
       -0.01734356,  0.00685537, -0.00170529,  0.00668462, -0.01552891]), array([ 5.68259291e-02,  1.95780235e-01,  5.25805697e-01,  2.95730991e-01,
        5.09997373e-02, -5.05417904e-03,  4.46974355e-02,  6.02764448e-02,
        5.60807827e-02,  1.36291872e-01,  1.49121306e-01,  6.27542570e-02,
        1.99470885e-02, -7.94470362e-02, -5.70882242e-02,  6.71673243e-02,
        1.42212545e-01,  1.92649222e-01,  1.10459193e-01,  1.44107987e-01,
        2.40699798e-01,  7.08711519e-02,  1.06661663e-01,  7.16670542e-02,
        6.95892615e-02,  9.13403633e-02,  5.04140464e-02,  5.54196674e-02,
       -1.80846252e-02,  9.65210092e-03,  5.14082475e-03, -2.06599633e-02,
       -7.69035322e-03,  2.87464496e-03,  1.07266023e-02, -2.19600800e-02,
        1.18330069e-02, -2.70678692e-02, -1.73612856e-02, -3.27633831e-02,
       -1.30488500e-02, -7.66117095e-04, -3.50472391e-02, -8.38900031e-03,
       -2.00183972e-02, -1.87636778e-02, -1.70543322e-02, -1.49966611e-02,
        2.94475005e-04, -1.28945087e-02]), array([ 0.02090335,  0.19371976,  0.53229693,  0.25903407,  0.01758437,
        0.02815268,  0.05355313,  0.05212078,  0.0491316 ,  0.12249189,
        0.1558024 ,  0.04840921,  0.04197224, -0.03000943, -0.02982694,
        0.04814557,  0.16379061,  0.17871577,  0.12003345,  0.15795774,
        0.21665558,  0.07070675,  0.09025673,  0.05623163,  0.07812801,
        0.06737933,  0.07382281,  0.06934462,  0.00788538,  0.01149133,
       -0.02596753, -0.02594827, -0.0006967 ,  0.00312557,  0.00632755,
        0.00474674,  0.01429177, -0.03130078, -0.03296496, -0.03803447,
       -0.02576703, -0.02914524, -0.04560653, -0.04711344, -0.01131376,
        0.00706941, -0.0331202 , -0.0078377 , -0.00407602,  0.00456851]), array([ 2.48869829e-02,  2.01000208e-01,  5.38254600e-01,  2.73289092e-01,
        6.70142743e-02,  8.61645715e-03,  3.82752555e-02,  5.59322973e-02,
        2.83456889e-02,  1.38795021e-01,  1.42794990e-01,  5.19137548e-02,
        1.33457955e-02, -8.00953398e-02, -4.71032712e-02,  5.27885980e-02,
        1.30306778e-01,  1.89614527e-01,  1.56723709e-01,  1.45083092e-01,
        2.44204791e-01,  8.45967303e-02,  8.43320259e-02,  5.81539771e-02,
        9.78227084e-02,  6.38193142e-02,  8.24942970e-02,  6.20777792e-02,
       -7.90217256e-04,  2.31113239e-02,  8.33106908e-03, -1.62763651e-02,
        3.41485949e-03, -3.72416382e-03,  2.00866083e-02, -1.58467971e-03,
       -2.80529371e-02, -1.10666005e-02, -1.56601265e-02, -1.22870961e-02,
       -2.33572587e-02, -5.14169389e-02, -4.55292840e-02, -3.96416909e-02,
       -1.84234087e-02, -2.55656901e-02, -4.19423278e-04, -1.96751307e-02,
       -4.28424723e-02, -5.39722465e-03]), array([ 6.47210328e-02,  1.88433279e-01,  5.47401550e-01,  2.69450973e-01,
        3.50751144e-02, -2.48185357e-03,  3.00310583e-02,  6.21549165e-02,
        5.31071962e-02,  1.43739012e-01,  1.62097907e-01,  8.99302066e-02,
        1.50399207e-02, -6.87115571e-02, -5.64189668e-02,  7.38512272e-02,
        1.25498199e-01,  1.97226683e-01,  1.69014452e-01,  1.23320524e-01,
        2.34654501e-01,  8.24685245e-02,  8.64871655e-02,  6.25411353e-02,
        6.72335017e-02,  3.48353300e-02,  5.31361947e-02,  7.54908197e-02,
        1.22183485e-02,  1.78416455e-02, -5.41280622e-03, -2.15801979e-02,
       -3.53869613e-02,  9.12778316e-04,  3.17067690e-03, -3.27609661e-02,
       -2.36440854e-02, -6.38924951e-03, -1.98510941e-02, -5.00655243e-02,
       -1.02931726e-02, -4.03642100e-03,  3.40070252e-03, -5.46102688e-02,
       -4.43164366e-02, -2.05970791e-02, -1.10638491e-02, -1.83349283e-02,
       -5.37455409e-04, -7.37213843e-04]), array([ 6.27448417e-02,  2.05471694e-01,  5.30010891e-01,  2.72185372e-01,
        6.24505452e-02,  2.08185701e-02,  6.94164409e-02,  3.03696856e-02,
        5.90540956e-02,  1.12912862e-01,  1.53741620e-01,  4.76762965e-02,
        3.76020145e-02, -6.95873381e-02, -7.25472840e-02,  5.47804738e-02,
        1.35528849e-01,  1.80539167e-01,  1.66631110e-01,  1.21721764e-01,
        2.00913500e-01,  8.01571610e-02,  8.82112780e-02,  6.57045563e-02,
        8.92371535e-02,  6.71012691e-02,  5.79070254e-02,  4.76361327e-02,
        3.14566596e-02,  1.22597326e-02, -1.29053671e-02, -2.86380386e-02,
       -4.05131267e-04, -1.24979421e-02,  2.28273142e-02,  1.92969664e-02,
       -2.72896631e-02, -2.34889951e-02,  1.30281894e-03, -5.19083834e-02,
       -2.62199336e-02,  2.35862507e-02, -2.12342245e-02, -4.66344162e-02,
       -4.41035101e-02, -1.58315089e-02,  8.64541843e-03, -2.14752069e-02,
       -1.55886638e-02,  3.52582157e-02]), array([ 2.28004389e-02,  1.90668277e-01,  5.31264559e-01,  2.78517068e-01,
        3.86865850e-02,  6.92292268e-03,  4.14774897e-02,  4.37938333e-02,
        2.59809964e-02,  1.51436846e-01,  1.78313436e-01,  1.99569839e-02,
        4.46762809e-02, -9.75878824e-02, -3.17425914e-02,  8.82905542e-02,
        1.29526594e-01,  1.86562389e-01,  1.26069276e-01,  1.55865742e-01,
        2.39011592e-01,  6.87379581e-02,  1.04351603e-01,  8.62490977e-02,
        5.56367160e-02,  6.80995868e-02,  8.34424394e-02,  3.68867292e-02,
       -2.76271614e-03,  4.27229066e-02, -2.57682489e-02, -3.06672103e-02,
       -3.79070555e-02,  1.29034064e-02, -1.28716209e-02,  5.07592888e-03,
       -2.46177143e-03, -3.59235010e-02, -2.55402898e-02, -3.15366666e-02,
        1.25778685e-03, -2.25600172e-02, -2.00567849e-02, -3.75300212e-02,
       -1.20627019e-02, -2.94032902e-02,  3.98402786e-04, -6.80708893e-03,
       -1.30805955e-02,  5.10888450e-03]), array([ 0.04440406,  0.20411822,  0.50690587,  0.27993107,  0.02226998,
        0.0272213 ,  0.04392683,  0.0716142 ,  0.04452154,  0.12882912,
        0.15944267,  0.04210382,  0.03755248, -0.06686385, -0.00948099,
        0.05070458,  0.11877474,  0.1904761 ,  0.1439757 ,  0.14001607,
        0.21564992,  0.09849216,  0.14178752,  0.05714875,  0.07881172,
        0.06041368,  0.0670968 ,  0.06131857, -0.01067438,  0.05048372,
       -0.00942826, -0.03897546, -0.0152468 , -0.00196138, -0.00112993,
       -0.0097544 ,  0.00065763, -0.02299998, -0.03100873, -0.01038206,
        0.00749672, -0.01992002, -0.04222614, -0.03580521, -0.00095016,
       -0.02376882,  0.00586728, -0.00927794, -0.0187347 , -0.01231561]), array([ 0.0418733 ,  0.20911223,  0.52097811,  0.29077578,  0.03450045,
        0.00441547,  0.04045425,  0.04092474,  0.0451505 ,  0.11421159,
        0.17589877,  0.04299707,  0.045202  , -0.03357702, -0.03455816,
        0.06168783,  0.12779806,  0.17381867,  0.13398667,  0.12629867,
        0.21971295,  0.0945903 ,  0.09631578,  0.07927229,  0.05897194,
        0.06232081,  0.05273006,  0.07056987,  0.01053721,  0.01047316,
       -0.00416666, -0.04983241, -0.01869006,  0.00562316, -0.00152648,
       -0.00245469,  0.02088656, -0.00538774,  0.01571834, -0.0172442 ,
       -0.0009882 ,  0.00368046, -0.03752036, -0.04260065, -0.00760918,
       -0.02618284, -0.01086029, -0.00496722, -0.02363523, -0.0112308 ]), array([ 0.04130057,  0.2123806 ,  0.50893178,  0.27704349,  0.04385601,
       -0.01071993,  0.02130424,  0.0396197 ,  0.04896065,  0.13660172,
        0.15432975,  0.07866233,  0.0589294 , -0.0657565 , -0.0424203 ,
        0.06551361,  0.16855799,  0.14963477,  0.1359046 ,  0.13923473,
        0.2234357 ,  0.11032578,  0.08788221,  0.06825862,  0.06436138,
        0.06014174,  0.06098852,  0.05401171,  0.02681264,  0.03197273,
       -0.01165298, -0.00836427, -0.01736314, -0.00477138,  0.00493925,
       -0.03582619, -0.02483492, -0.01565136, -0.00542355, -0.04627669,
        0.00189127, -0.01849667, -0.0286434 , -0.0520729 , -0.01182834,
       -0.02249271, -0.01031308, -0.02463864, -0.00506435, -0.00709426])]"
